date,pit_id,target_tons,actual_tons,rainfall_mm,excavator_downtime_hrs,dumper_downtime_hrs,blasting_delay_mins
2025-01-01,Bharveli_Pit_1,850,688,0.9,3.3,2.1,15
2025-01-01,Ukwa_Pit_2,600,469,0.1,2.2,1.5,30
2025-01-01,Tirodi_Pit_3,750,578,0.0,3.9,2.9,0
2025-01-01,Dongri_Buzurg_Pit_4,900,860,0.7,0.8,0.9,0
2025-01-01,Mansar_Pit_5,500,461,1.9,0.2,0.6,0
2025-01-01,Kandri_Pit_6,650,600,0.4,0.8,1.4,0
2025-01-01,Keonjhar_Pit_1,800,719,1.9,0.2,0.1,60
2025-01-01,Barbil_Pit_2,850,821,2.3,0.6,0.2,0
2025-01-01,Joda_Pit_3,700,587,0.1,2.6,0.5,15
2025-01-01,Garividi_Pit_1,600,470,1.6,0.2,5.6,30
2025-01-01,Vizianagaram_Pit_2,550,369,5.6,2.5,1.5,45
2025-01-01,Sandur_Pit_1,750,689,1.0,0.3,2.8,0
2025-01-01,Ballari_Pit_2,650,586,0.7,0.9,0.2,30
2025-01-02,Bharveli_Pit_1,850,711,0.0,1.9,2.0,30
2025-01-02,Ukwa_Pit_2,600,569,3.0,0.1,0.7,0
2025-01-02,Tirodi_Pit_3,750,723,0.8,0.1,0.6,0
2025-01-02,Dongri_Buzurg_Pit_4,900,788,2.6,1.1,3.5,0
2025-01-02,Mansar_Pit_5,500,423,2.9,0.9,2.4,0
2025-01-02,Kandri_Pit_6,650,624,1.5,0.6,0.0,0
2025-01-02,Keonjhar_Pit_1,800,706,0.8,0.8,3.8,0
2025-01-02,Barbil_Pit_2,850,799,1.1,1.5,0.4,0
2025-01-02,Joda_Pit_3,700,544,5.3,1.8,1.6,45
2025-01-02,Garividi_Pit_1,600,505,3.3,0.2,3.6,15
2025-01-02,Vizianagaram_Pit_2,550,430,0.5,0.6,2.7,45
2025-01-02,Sandur_Pit_1,750,712,0.0,0.8,0.9,0
2025-01-02,Ballari_Pit_2,650,566,5.7,0.4,1.2,30
2025-01-03,Bharveli_Pit_1,850,646,0.9,3.9,5.3,0
2025-01-03,Ukwa_Pit_2,600,553,0.7,0.0,1.5,15
2025-01-03,Tirodi_Pit_3,750,669,0.1,0.4,3.8,0
2025-01-03,Dongri_Buzurg_Pit_4,900,801,8.5,0.3,1.8,30
2025-01-03,Mansar_Pit_5,500,417,0.5,1.4,0.7,15
2025-01-03,Kandri_Pit_6,650,553,0.2,2.0,0.6,0
2025-01-03,Keonjhar_Pit_1,800,751,0.1,1.0,1.8,0
2025-01-03,Barbil_Pit_2,850,801,2.1,0.2,1.9,0
2025-01-03,Joda_Pit_3,700,652,5.5,0.2,0.7,0
2025-01-03,Garividi_Pit_1,600,549,3.4,0.9,1.2,0
2025-01-03,Vizianagaram_Pit_2,550,397,0.2,2.5,3.7,15
2025-01-03,Sandur_Pit_1,750,574,2.6,2.5,3.5,30
2025-01-03,Ballari_Pit_2,650,576,2.1,0.1,0.3,45
2025-01-04,Bharveli_Pit_1,850,809,0.0,0.2,1.3,15
2025-01-04,Ukwa_Pit_2,600,535,2.1,0.3,2.0,0
2025-01-04,Tirodi_Pit_3,750,634,2.1,2.1,1.7,15
2025-01-04,Dongri_Buzurg_Pit_4,900,875,0.2,0.5,0.5,0
2025-01-04,Mansar_Pit_5,500,381,4.5,1.1,2.5,15
2025-01-04,Kandri_Pit_6,650,590,1.7,0.7,0.3,30
2025-01-04,Keonjhar_Pit_1,800,595,5.6,3.4,3.9,0
2025-01-04,Barbil_Pit_2,850,677,0.0,2.9,0.9,60
2025-01-04,Joda_Pit_3,700,665,3.8,0.4,0.3,15
2025-01-04,Garividi_Pit_1,600,512,5.5,1.3,1.4,0
2025-01-04,Vizianagaram_Pit_2,550,427,4.2,1.5,1.9,30
2025-01-04,Sandur_Pit_1,750,644,0.9,0.4,2.7,30
2025-01-04,Ballari_Pit_2,650,491,3.2,1.2,1.9,30
2025-01-05,Bharveli_Pit_1,850,808,4.4,0.5,0.8,0
2025-01-05,Ukwa_Pit_2,600,538,1.3,0.9,0.5,15
2025-01-05,Tirodi_Pit_3,750,699,0.1,0.0,2.8,0
2025-01-05,Dongri_Buzurg_Pit_4,900,861,2.9,0.3,1.6,0
2025-01-05,Mansar_Pit_5,500,455,0.1,0.8,1.2,15
2025-01-05,Kandri_Pit_6,650,610,3.2,0.3,0.9,0
2025-01-05,Keonjhar_Pit_1,800,626,0.1,3.6,2.9,15
2025-01-05,Barbil_Pit_2,850,783,0.3,0.3,1.3,30
2025-01-05,Joda_Pit_3,700,532,2.2,0.4,5.0,30
2025-01-05,Garividi_Pit_1,600,527,1.1,0.3,0.7,30
2025-01-05,Vizianagaram_Pit_2,550,541,0.0,0.1,0.1,0
2025-01-05,Sandur_Pit_1,750,714,1.3,0.1,1.1,0
2025-01-05,Ballari_Pit_2,650,601,0.4,0.6,0.8,15
2025-01-06,Bharveli_Pit_1,850,736,0.9,1.1,1.1,45
2025-01-06,Ukwa_Pit_2,600,565,2.1,0.2,0.1,15
2025-01-06,Tirodi_Pit_3,750,671,5.6,0.9,0.8,15
2025-01-06,Dongri_Buzurg_Pit_4,900,783,1.2,0.9,4.5,0
2025-01-06,Mansar_Pit_5,500,439,0.1,0.4,3.0,0
2025-01-06,Kandri_Pit_6,650,594,3.4,0.4,0.2,15
2025-01-06,Keonjhar_Pit_1,800,720,2.7,1.8,0.5,0
2025-01-06,Barbil_Pit_2,850,634,2.8,1.8,7.5,0
2025-01-06,Joda_Pit_3,700,554,0.8,2.9,3.1,0
2025-01-06,Garividi_Pit_1,600,471,2.8,1.5,0.2,45
2025-01-06,Vizianagaram_Pit_2,550,452,0.8,2.5,0.8,0
2025-01-06,Sandur_Pit_1,750,645,4.7,0.1,0.6,60
2025-01-06,Ballari_Pit_2,650,603,2.0,0.7,0.6,0
2025-01-07,Bharveli_Pit_1,850,713,2.2,1.5,2.5,30
2025-01-07,Ukwa_Pit_2,600,510,0.1,0.9,0.9,45
2025-01-07,Tirodi_Pit_3,750,712,0.9,0.1,0.2,30
2025-01-07,Dongri_Buzurg_Pit_4,900,817,0.2,1.3,0.1,30
2025-01-07,Mansar_Pit_5,500,392,2.4,0.1,0.1,90
2025-01-07,Kandri_Pit_6,650,390,3.4,3.2,6.8,30
2025-01-07,Keonjhar_Pit_1,800,724,0.9,0.1,2.4,15
2025-01-07,Barbil_Pit_2,850,828,0.2,0.7,0.0,0
2025-01-07,Joda_Pit_3,700,670,0.1,0.1,0.2,15
2025-01-07,Garividi_Pit_1,600,481,6.5,0.5,0.5,45
2025-01-07,Vizianagaram_Pit_2,550,359,0.5,3.6,0.0,60
2025-01-07,Sandur_Pit_1,750,602,0.2,0.9,5.6,15
2025-01-07,Ballari_Pit_2,650,556,2.0,1.3,1.0,15
2025-01-08,Bharveli_Pit_1,850,695,0.1,0.4,4.8,45
2025-01-08,Ukwa_Pit_2,600,572,1.2,1.1,0.5,0
2025-01-08,Tirodi_Pit_3,750,531,1.8,0.1,5.9,90
2025-01-08,Dongri_Buzurg_Pit_4,900,827,2.4,0.8,0.6,30
2025-01-08,Mansar_Pit_5,500,294,4.8,1.9,4.8,30
2025-01-08,Kandri_Pit_6,650,480,1.9,0.6,4.3,45
2025-01-08,Keonjhar_Pit_1,800,740,8.7,0.2,1.4,0
2025-01-08,Barbil_Pit_2,850,723,7.0,2.0,2.9,0
2025-01-08,Joda_Pit_3,700,479,0.1,2.2,2.7,90
2025-01-08,Garividi_Pit_1,600,419,11.4,0.9,2.3,60
2025-01-08,Vizianagaram_Pit_2,550,427,1.2,0.2,4.9,15
2025-01-08,Sandur_Pit_1,750,679,0.5,1.2,1.5,0
2025-01-08,Ballari_Pit_2,650,525,1.5,1.6,1.2,45
2025-01-09,Bharveli_Pit_1,850,749,1.6,0.9,3.3,0
2025-01-09,Ukwa_Pit_2,600,564,2.4,0.3,0.2,0
2025-01-09,Tirodi_Pit_3,750,703,0.9,1.0,0.8,0
2025-01-09,Dongri_Buzurg_Pit_4,900,801,1.4,1.7,0.8,15
2025-01-09,Mansar_Pit_5,500,337,4.0,3.3,0.3,45
2025-01-09,Kandri_Pit_6,650,489,1.2,4.3,1.1,0
2025-01-09,Keonjhar_Pit_1,800,777,2.0,0.3,0.1,0
2025-01-09,Barbil_Pit_2,850,777,0.4,0.5,3.6,0
2025-01-09,Joda_Pit_3,700,685,2.2,0.2,0.3,0
2025-01-09,Garividi_Pit_1,600,600,0.4,0.1,0.2,0
2025-01-09,Vizianagaram_Pit_2,550,501,0.5,0.5,1.1,15
2025-01-09,Sandur_Pit_1,750,641,4.1,2.8,0.1,0
2025-01-09,Ballari_Pit_2,650,587,3.3,1.5,0.3,0
2025-01-10,Bharveli_Pit_1,850,796,1.9,0.5,1.0,30
2025-01-10,Ukwa_Pit_2,600,469,0.1,0.3,2.0,45
2025-01-10,Tirodi_Pit_3,750,694,0.2,0.7,1.2,0
2025-01-10,Dongri_Buzurg_Pit_4,900,888,0.6,0.5,0.0,0
2025-01-10,Mansar_Pit_5,500,390,0.3,2.4,1.4,15
2025-01-10,Kandri_Pit_6,650,578,3.1,0.8,0.1,15
2025-01-10,Keonjhar_Pit_1,800,775,1.1,0.2,0.5,0
2025-01-10,Barbil_Pit_2,850,707,2.1,0.9,0.7,90
2025-01-10,Joda_Pit_3,700,678,0.2,0.2,0.5,0
2025-01-10,Garividi_Pit_1,600,526,0.4,0.4,0.3,45
2025-01-10,Vizianagaram_Pit_2,550,410,1.1,4.4,0.2,0
2025-01-10,Sandur_Pit_1,750,599,7.0,2.2,2.7,0
2025-01-10,Ballari_Pit_2,650,586,5.3,0.9,1.4,0
2025-01-11,Bharveli_Pit_1,850,838,2.9,0.2,0.6,0
2025-01-11,Ukwa_Pit_2,600,540,0.2,1.0,0.5,15
2025-01-11,Tirodi_Pit_3,750,713,0.3,0.7,1.2,0
2025-01-11,Dongri_Buzurg_Pit_4,900,693,0.1,5.1,0.6,30
2025-01-11,Mansar_Pit_5,500,421,0.6,1.3,2.3,15
2025-01-11,Kandri_Pit_6,650,439,0.9,2.9,2.8,60
2025-01-11,Keonjhar_Pit_1,800,672,0.3,1.4,4.5,0
2025-01-11,Barbil_Pit_2,850,741,1.7,2.0,0.2,30
2025-01-11,Joda_Pit_3,700,647,0.5,0.2,0.3,30
2025-01-11,Garividi_Pit_1,600,452,0.9,2.3,0.8,30
2025-01-11,Vizianagaram_Pit_2,550,511,1.2,0.5,1.0,0
2025-01-11,Sandur_Pit_1,750,619,0.5,2.5,0.8,15
2025-01-11,Ballari_Pit_2,650,536,4.7,1.1,0.2,60
2025-01-12,Bharveli_Pit_1,850,738,0.3,1.7,1.5,15
2025-01-12,Ukwa_Pit_2,600,515,4.5,1.7,0.3,0
2025-01-12,Tirodi_Pit_3,750,634,0.1,0.9,2.3,45
2025-01-12,Dongri_Buzurg_Pit_4,900,799,0.8,1.9,0.2,30
2025-01-12,Mansar_Pit_5,500,448,3.2,0.2,0.4,30
2025-01-12,Kandri_Pit_6,650,561,2.5,1.1,1.9,15
2025-01-12,Keonjhar_Pit_1,800,703,0.4,2.6,1.4,0
2025-01-12,Barbil_Pit_2,850,695,1.2,3.2,0.3,15
2025-01-12,Joda_Pit_3,700,530,0.0,2.3,4.3,15
2025-01-12,Garividi_Pit_1,600,446,2.4,2.8,2.0,0
2025-01-12,Vizianagaram_Pit_2,550,351,1.1,1.5,4.4,45
2025-01-12,Sandur_Pit_1,750,585,1.2,0.1,6.7,30
2025-01-12,Ballari_Pit_2,650,611,1.8,0.6,0.1,0
2025-01-13,Bharveli_Pit_1,850,819,3.2,0.0,0.6,0
2025-01-13,Ukwa_Pit_2,600,542,0.9,0.5,2.1,0
2025-01-13,Tirodi_Pit_3,750,749,0.5,0.7,0.2,0
2025-01-13,Dongri_Buzurg_Pit_4,900,823,4.9,0.5,1.4,15
2025-01-13,Mansar_Pit_5,500,387,0.0,1.2,0.3,60
2025-01-13,Kandri_Pit_6,650,421,0.2,6.3,1.1,15
2025-01-13,Keonjhar_Pit_1,800,696,0.1,1.5,0.4,45
2025-01-13,Barbil_Pit_2,850,809,0.1,0.7,1.3,0
2025-01-13,Joda_Pit_3,700,632,3.0,0.7,1.2,0
2025-01-13,Garividi_Pit_1,600,484,0.3,0.2,3.2,60
2025-01-13,Vizianagaram_Pit_2,550,497,0.9,0.3,1.7,0
2025-01-13,Sandur_Pit_1,750,702,0.1,0.3,0.4,15
2025-01-13,Ballari_Pit_2,650,612,0.0,0.1,2.6,0
2025-01-14,Bharveli_Pit_1,850,743,0.2,0.3,2.0,45
2025-01-14,Ukwa_Pit_2,600,529,3.5,0.6,1.8,0
2025-01-14,Tirodi_Pit_3,750,743,0.0,0.1,0.4,0
2025-01-14,Dongri_Buzurg_Pit_4,900,802,0.4,1.0,0.9,45
2025-01-14,Mansar_Pit_5,500,446,0.6,0.5,1.4,0
2025-01-14,Kandri_Pit_6,650,598,2.0,0.6,1.3,0
2025-01-14,Keonjhar_Pit_1,800,726,2.9,0.2,3.2,0
2025-01-14,Barbil_Pit_2,850,756,4.5,1.8,0.9,0
2025-01-14,Joda_Pit_3,700,660,2.0,0.3,0.2,30
2025-01-14,Garividi_Pit_1,600,536,8.3,0.8,0.3,0
2025-01-14,Vizianagaram_Pit_2,550,462,0.6,0.9,1.7,30
2025-01-14,Sandur_Pit_1,750,688,0.5,0.0,0.2,45
2025-01-14,Ballari_Pit_2,650,536,1.8,1.2,0.3,45
2025-01-15,Bharveli_Pit_1,850,803,1.1,0.5,1.2,0
2025-01-15,Ukwa_Pit_2,600,565,0.2,1.0,0.5,0
2025-01-15,Tirodi_Pit_3,750,705,0.7,0.5,2.0,0
2025-01-15,Dongri_Buzurg_Pit_4,900,732,2.2,3.0,2.1,0
2025-01-15,Mansar_Pit_5,500,439,0.1,0.3,1.4,0
2025-01-15,Kandri_Pit_6,650,593,0.8,1.6,0.2,0
2025-01-15,Keonjhar_Pit_1,800,723,2.6,0.8,1.9,0
2025-01-15,Barbil_Pit_2,850,775,3.2,1.3,0.5,15
2025-01-15,Joda_Pit_3,700,622,0.9,0.1,4.0,0
2025-01-15,Garividi_Pit_1,600,468,0.4,0.9,3.3,30
2025-01-15,Vizianagaram_Pit_2,550,430,3.3,1.2,1.9,30
2025-01-15,Sandur_Pit_1,750,528,0.5,4.8,4.6,0
2025-01-15,Ballari_Pit_2,650,535,2.4,2.9,0.3,15
2025-01-16,Bharveli_Pit_1,850,612,5.2,3.9,4.6,0
2025-01-16,Ukwa_Pit_2,600,473,4.0,2.0,0.6,30
2025-01-16,Tirodi_Pit_3,750,730,0.5,0.1,0.1,15
2025-01-16,Dongri_Buzurg_Pit_4,900,836,0.8,1.4,0.1,0
2025-01-16,Mansar_Pit_5,500,379,0.8,1.1,3.5,15
2025-01-16,Kandri_Pit_6,650,588,0.5,0.0,3.3,0
2025-01-16,Keonjhar_Pit_1,800,532,5.6,1.8,9.9,0
2025-01-16,Barbil_Pit_2,850,788,2.9,0.6,1.0,15
2025-01-16,Joda_Pit_3,700,626,1.1,1.5,0.4,0
2025-01-16,Garividi_Pit_1,600,573,0.9,0.4,0.6,0
2025-01-16,Vizianagaram_Pit_2,550,423,1.0,1.3,0.4,60
2025-01-16,Sandur_Pit_1,750,665,3.1,0.1,0.9,45
2025-01-16,Ballari_Pit_2,650,493,1.9,0.2,7.6,0
2025-01-17,Bharveli_Pit_1,850,751,5.7,1.2,1.5,15
2025-01-17,Ukwa_Pit_2,600,554,0.5,0.2,2.4,0
2025-01-17,Tirodi_Pit_3,750,499,0.1,3.8,3.4,45
2025-01-17,Dongri_Buzurg_Pit_4,900,842,2.4,0.2,2.7,0
2025-01-17,Mansar_Pit_5,500,435,0.5,0.8,1.4,15
2025-01-17,Kandri_Pit_6,650,435,4.4,3.4,3.2,30
2025-01-17,Keonjhar_Pit_1,800,775,2.1,0.9,0.1,0
2025-01-17,Barbil_Pit_2,850,820,2.6,0.8,0.1,0
2025-01-17,Joda_Pit_3,700,609,2.3,0.1,3.0,0
2025-01-17,Garividi_Pit_1,600,526,3.5,0.5,1.8,15
2025-01-17,Vizianagaram_Pit_2,550,401,0.6,2.3,2.6,15
2025-01-17,Sandur_Pit_1,750,631,2.4,1.3,1.5,30
2025-01-17,Ballari_Pit_2,650,518,0.3,2.3,3.3,0
2025-01-18,Bharveli_Pit_1,850,756,0.8,1.5,0.3,30
2025-01-18,Ukwa_Pit_2,600,559,3.6,0.8,0.0,0
2025-01-18,Tirodi_Pit_3,750,686,2.0,0.3,1.6,15
2025-01-18,Dongri_Buzurg_Pit_4,900,827,3.0,0.1,2.3,15
2025-01-18,Mansar_Pit_5,500,318,2.0,3.0,0.2,60
2025-01-18,Kandri_Pit_6,650,590,2.3,0.1,0.6,30
2025-01-18,Keonjhar_Pit_1,800,713,0.8,1.1,0.1,45
2025-01-18,Barbil_Pit_2,850,645,7.3,3.8,2.2,0
2025-01-18,Joda_Pit_3,700,556,2.3,0.6,0.5,90
2025-01-18,Garividi_Pit_1,600,542,1.1,0.7,0.3,30
2025-01-18,Vizianagaram_Pit_2,550,470,0.2,1.3,1.7,0
2025-01-18,Sandur_Pit_1,750,614,6.0,0.2,0.9,60
2025-01-18,Ballari_Pit_2,650,525,1.0,0.4,6.6,0
2025-01-19,Bharveli_Pit_1,850,829,4.5,0.3,0.4,0
2025-01-19,Ukwa_Pit_2,600,449,4.0,0.7,5.5,0
2025-01-19,Tirodi_Pit_3,750,598,4.1,1.6,2.4,30
2025-01-19,Dongri_Buzurg_Pit_4,900,794,0.3,0.0,4.1,15
2025-01-19,Mansar_Pit_5,500,469,3.2,0.7,0.2,0
2025-01-19,Kandri_Pit_6,650,588,0.4,0.7,0.1,15
2025-01-19,Keonjhar_Pit_1,800,734,0.6,1.8,0.6,0
2025-01-19,Barbil_Pit_2,850,766,1.8,0.4,1.9,45
2025-01-19,Joda_Pit_3,700,671,3.0,0.0,1.0,0
2025-01-19,Garividi_Pit_1,600,539,1.9,1.3,1.3,0
2025-01-19,Vizianagaram_Pit_2,550,530,0.8,0.8,0.1,0
2025-01-19,Sandur_Pit_1,750,658,1.7,1.3,2.6,0
2025-01-19,Ballari_Pit_2,650,580,0.4,0.1,1.6,30
2025-01-20,Bharveli_Pit_1,850,701,2.5,2.3,2.0,30
2025-01-20,Ukwa_Pit_2,600,467,0.8,1.9,0.1,45
2025-01-20,Tirodi_Pit_3,750,651,1.2,1.1,1.2,30
2025-01-20,Dongri_Buzurg_Pit_4,900,890,0.2,0.1,0.5,0
2025-01-20,Mansar_Pit_5,500,410,7.4,0.5,0.3,30
2025-01-20,Kandri_Pit_6,650,556,2.2,0.8,1.3,30
2025-01-20,Keonjhar_Pit_1,800,754,0.4,1.3,0.1,0
2025-01-20,Barbil_Pit_2,850,737,0.6,0.7,3.2,30
2025-01-20,Joda_Pit_3,700,539,0.8,0.5,7.0,0
2025-01-20,Garividi_Pit_1,600,490,4.0,1.0,0.9,30
2025-01-20,Vizianagaram_Pit_2,550,487,4.6,0.6,0.5,15
2025-01-20,Sandur_Pit_1,750,681,4.9,0.3,1.6,15
2025-01-20,Ballari_Pit_2,650,548,2.5,2.6,0.3,0
2025-01-21,Bharveli_Pit_1,850,755,7.1,0.2,3.1,0
2025-01-21,Ukwa_Pit_2,600,543,1.2,0.8,0.7,15
2025-01-21,Tirodi_Pit_3,750,645,0.4,0.5,5.6,0
2025-01-21,Dongri_Buzurg_Pit_4,900,770,3.0,0.2,5.6,0
2025-01-21,Mansar_Pit_5,500,462,0.5,0.1,0.3,15
2025-01-21,Kandri_Pit_6,650,578,1.1,0.3,1.5,30
2025-01-21,Keonjhar_Pit_1,800,757,0.4,0.2,0.1,30
2025-01-21,Barbil_Pit_2,850,678,3.7,1.8,1.4,45
2025-01-21,Joda_Pit_3,700,679,0.5,0.1,0.5,0
2025-01-21,Garividi_Pit_1,600,506,0.1,0.1,1.0,60
2025-01-21,Vizianagaram_Pit_2,550,510,0.8,0.8,0.1,0
2025-01-21,Sandur_Pit_1,750,679,1.2,0.8,1.1,15
2025-01-21,Ballari_Pit_2,650,596,0.3,0.0,0.6,30
2025-01-22,Bharveli_Pit_1,850,798,7.0,0.1,1.8,0
2025-01-22,Ukwa_Pit_2,600,506,4.1,0.2,1.9,30
2025-01-22,Tirodi_Pit_3,750,628,1.4,1.1,3.3,15
2025-01-22,Dongri_Buzurg_Pit_4,900,748,0.1,2.9,1.9,15
2025-01-22,Mansar_Pit_5,500,448,1.0,1.2,0.2,15
2025-01-22,Kandri_Pit_6,650,479,14.9,0.1,6.0,0
2025-01-22,Keonjhar_Pit_1,800,680,1.7,1.5,3.4,0
2025-01-22,Barbil_Pit_2,850,729,0.8,1.2,2.6,30
2025-01-22,Joda_Pit_3,700,647,3.4,0.1,1.3,0
2025-01-22,Garividi_Pit_1,600,558,0.8,0.5,0.8,15
2025-01-22,Vizianagaram_Pit_2,550,546,0.5,0.5,0.4,0
2025-01-22,Sandur_Pit_1,750,668,1.8,1.2,1.5,0
2025-01-22,Ballari_Pit_2,650,625,1.5,0.7,0.0,0
2025-01-23,Bharveli_Pit_1,850,770,1.0,0.6,1.4,15
2025-01-23,Ukwa_Pit_2,600,447,3.4,1.4,5.0,0
2025-01-23,Tirodi_Pit_3,750,663,0.4,0.0,1.7,45
2025-01-23,Dongri_Buzurg_Pit_4,900,792,0.1,3.0,0.7,0
2025-01-23,Mansar_Pit_5,500,475,1.3,0.3,0.5,0
2025-01-23,Kandri_Pit_6,650,565,0.7,1.0,2.0,0
2025-01-23,Keonjhar_Pit_1,800,768,1.1,0.1,0.3,15
2025-01-23,Barbil_Pit_2,850,827,2.5,0.1,1.3,0
2025-01-23,Joda_Pit_3,700,586,6.6,0.7,2.6,15
2025-01-23,Garividi_Pit_1,600,447,6.0,1.0,2.7,45
2025-01-23,Vizianagaram_Pit_2,550,524,0.5,0.3,1.5,0
2025-01-23,Sandur_Pit_1,750,682,3.0,0.4,2.8,0
2025-01-23,Ballari_Pit_2,650,622,2.2,0.1,1.6,0
2025-01-24,Bharveli_Pit_1,850,759,2.7,2.2,0.4,0
2025-01-24,Ukwa_Pit_2,600,525,0.0,1.1,1.5,15
2025-01-24,Tirodi_Pit_3,750,605,1.8,0.8,7.0,0
2025-01-24,Dongri_Buzurg_Pit_4,900,814,2.4,0.6,0.9,30
2025-01-24,Mansar_Pit_5,500,422,0.6,0.1,0.1,45
2025-01-24,Kandri_Pit_6,650,628,0.4,0.4,0.4,0
2025-01-24,Keonjhar_Pit_1,800,725,0.1,1.8,0.4,15
2025-01-24,Barbil_Pit_2,850,762,4.2,1.2,1.2,0
2025-01-24,Joda_Pit_3,700,575,10.3,1.2,1.3,30
2025-01-24,Garividi_Pit_1,600,491,1.3,0.1,1.3,60
2025-01-24,Vizianagaram_Pit_2,550,528,0.4,0.8,0.2,0
2025-01-24,Sandur_Pit_1,750,668,2.8,0.5,1.7,30
2025-01-24,Ballari_Pit_2,650,466,9.8,2.9,1.2,30
2025-01-25,Bharveli_Pit_1,850,770,1.5,1.1,0.1,30
2025-01-25,Ukwa_Pit_2,600,544,3.0,1.4,0.1,0
2025-01-25,Tirodi_Pit_3,750,676,0.6,0.5,0.1,60
2025-01-25,Dongri_Buzurg_Pit_4,900,824,1.0,0.7,1.5,15
2025-01-25,Mansar_Pit_5,500,260,5.0,0.8,7.8,45
2025-01-25,Kandri_Pit_6,650,480,1.0,2.3,3.2,30
2025-01-25,Keonjhar_Pit_1,800,768,3.1,0.4,0.1,0
2025-01-25,Barbil_Pit_2,850,660,0.8,4.1,1.6,30
2025-01-25,Joda_Pit_3,700,541,0.3,2.2,4.1,0
2025-01-25,Garividi_Pit_1,600,553,0.4,0.8,0.8,0
2025-01-25,Vizianagaram_Pit_2,550,543,0.9,0.1,0.0,0
2025-01-25,Sandur_Pit_1,750,671,6.8,0.6,0.6,15
2025-01-25,Ballari_Pit_2,650,598,1.2,0.1,1.6,0
2025-01-26,Bharveli_Pit_1,850,790,0.3,0.1,2.4,0
2025-01-26,Ukwa_Pit_2,600,400,0.1,5.8,0.1,15
2025-01-26,Tirodi_Pit_3,750,613,2.4,0.1,1.1,90
2025-01-26,Dongri_Buzurg_Pit_4,900,849,3.4,1.1,0.6,15
2025-01-26,Mansar_Pit_5,500,395,0.3,2.4,1.0,0
2025-01-26,Kandri_Pit_6,650,547,0.9,0.6,2.8,30
2025-01-26,Keonjhar_Pit_1,800,775,0.0,0.3,2.3,0
2025-01-26,Barbil_Pit_2,850,835,1.5,0.3,0.0,0
2025-01-26,Joda_Pit_3,700,611,0.2,0.9,1.0,30
2025-01-26,Garividi_Pit_1,600,573,0.2,0.7,0.3,0
2025-01-26,Vizianagaram_Pit_2,550,456,0.9,0.6,1.0,30
2025-01-26,Sandur_Pit_1,750,585,4.5,3.4,2.5,0
2025-01-26,Ballari_Pit_2,650,510,0.6,2.0,0.1,45
2025-01-27,Bharveli_Pit_1,850,713,1.2,1.1,1.7,45
2025-01-27,Ukwa_Pit_2,600,517,0.1,0.8,0.3,30
2025-01-27,Tirodi_Pit_3,750,705,1.4,1.3,0.1,0
2025-01-27,Dongri_Buzurg_Pit_4,900,772,0.1,0.0,5.0,30
2025-01-27,Mansar_Pit_5,500,446,0.9,0.4,0.7,30
2025-01-27,Kandri_Pit_6,650,573,0.4,0.1,1.7,30
2025-01-27,Keonjhar_Pit_1,800,714,0.6,0.0,0.1,60
2025-01-27,Barbil_Pit_2,850,827,2.0,0.5,0.4,0
2025-01-27,Joda_Pit_3,700,599,1.9,1.6,1.7,15
2025-01-27,Garividi_Pit_1,600,468,7.8,1.0,1.4,30
2025-01-27,Vizianagaram_Pit_2,550,506,3.3,1.2,0.2,0
2025-01-27,Sandur_Pit_1,750,650,1.2,1.0,4.6,0
2025-01-27,Ballari_Pit_2,650,553,0.3,0.2,3.5,15
2025-01-28,Bharveli_Pit_1,850,701,4.0,2.1,4.0,0
2025-01-28,Ukwa_Pit_2,600,470,2.8,0.7,3.0,30
2025-01-28,Tirodi_Pit_3,750,515,0.4,0.9,6.7,60
2025-01-28,Dongri_Buzurg_Pit_4,900,859,0.1,0.2,0.2,30
2025-01-28,Mansar_Pit_5,500,369,1.4,2.0,2.1,15
2025-01-28,Kandri_Pit_6,650,581,1.8,0.8,0.6,15
2025-01-28,Keonjhar_Pit_1,800,732,2.0,1.6,0.3,0
2025-01-28,Barbil_Pit_2,850,697,0.0,0.3,2.1,90
2025-01-28,Joda_Pit_3,700,627,3.2,0.3,1.3,30
2025-01-28,Garividi_Pit_1,600,539,1.9,0.2,0.7,30
2025-01-28,Vizianagaram_Pit_2,550,499,2.9,0.0,2.2,0
2025-01-28,Sandur_Pit_1,750,692,6.3,0.5,0.6,0
2025-01-28,Ballari_Pit_2,650,541,11.2,0.5,1.0,30
2025-01-29,Bharveli_Pit_1,850,803,4.3,1.0,0.8,0
2025-01-29,Ukwa_Pit_2,600,547,3.2,0.1,1.4,0
2025-01-29,Tirodi_Pit_3,750,675,2.1,0.1,1.4,15
2025-01-29,Dongri_Buzurg_Pit_4,900,777,2.3,1.8,0.5,30
2025-01-29,Mansar_Pit_5,500,483,1.4,0.1,0.1,0
2025-01-29,Kandri_Pit_6,650,587,3.1,0.8,0.9,0
2025-01-29,Keonjhar_Pit_1,800,761,0.8,0.6,0.1,0
2025-01-29,Barbil_Pit_2,850,670,12.8,3.0,1.6,0
2025-01-29,Joda_Pit_3,700,638,2.0,1.7,0.2,0
2025-01-29,Garividi_Pit_1,600,545,1.7,1.0,0.3,0
2025-01-29,Vizianagaram_Pit_2,550,510,0.8,0.0,0.0,30
2025-01-29,Sandur_Pit_1,750,657,0.7,3.1,0.5,0
2025-01-29,Ballari_Pit_2,650,541,4.1,2.0,0.3,30
2025-01-30,Bharveli_Pit_1,850,837,0.3,0.1,2.1,0
2025-01-30,Ukwa_Pit_2,600,520,1.1,1.4,2.3,0
2025-01-30,Tirodi_Pit_3,750,608,2.8,1.2,5.0,0
2025-01-30,Dongri_Buzurg_Pit_4,900,880,0.1,0.4,0.5,0
2025-01-30,Mansar_Pit_5,500,389,0.6,1.6,1.0,30
2025-01-30,Kandri_Pit_6,650,650,0.1,0.7,0.1,0
2025-01-30,Keonjhar_Pit_1,800,690,0.9,2.5,0.0,15
2025-01-30,Barbil_Pit_2,850,733,6.6,0.9,4.4,0
2025-01-30,Joda_Pit_3,700,528,2.6,4.4,0.5,15
2025-01-30,Garividi_Pit_1,600,496,0.4,0.9,1.0,60
2025-01-30,Vizianagaram_Pit_2,550,524,0.2,0.2,0.4,0
2025-01-30,Sandur_Pit_1,750,681,3.8,0.9,1.2,0
2025-01-30,Ballari_Pit_2,650,574,0.1,1.4,1.3,0
2025-01-31,Bharveli_Pit_1,850,741,1.2,0.7,0.3,60
2025-01-31,Ukwa_Pit_2,600,519,1.2,0.6,1.7,15
2025-01-31,Tirodi_Pit_3,750,684,0.1,0.8,2.6,0
2025-01-31,Dongri_Buzurg_Pit_4,900,834,0.4,0.4,2.3,15
2025-01-31,Mansar_Pit_5,500,312,0.5,2.3,3.4,45
2025-01-31,Kandri_Pit_6,650,583,8.4,1.6,0.0,0
2025-01-31,Keonjhar_Pit_1,800,688,1.2,2.6,1.2,0
2025-01-31,Barbil_Pit_2,850,713,3.5,0.5,2.4,60
2025-01-31,Joda_Pit_3,700,609,0.5,0.8,0.5,30
2025-01-31,Garividi_Pit_1,600,470,3.2,0.6,3.9,15
2025-01-31,Vizianagaram_Pit_2,550,466,0.3,1.3,2.5,0
2025-01-31,Sandur_Pit_1,750,642,0.4,2.5,1.7,0
2025-01-31,Ballari_Pit_2,650,554,1.2,1.1,0.1,45
2025-02-01,Bharveli_Pit_1,850,654,6.8,0.6,6.6,15
2025-02-01,Ukwa_Pit_2,600,513,2.0,0.2,3.4,0
2025-02-01,Tirodi_Pit_3,750,600,2.5,2.4,0.1,30
2025-02-01,Dongri_Buzurg_Pit_4,900,775,0.4,2.1,2.7,15
2025-02-01,Mansar_Pit_5,500,405,1.3,1.9,1.0,0
2025-02-01,Kandri_Pit_6,650,563,1.4,1.9,0.7,0
2025-02-01,Keonjhar_Pit_1,800,781,0.2,0.3,0.2,0
2025-02-01,Barbil_Pit_2,850,739,1.2,1.5,1.7,15
2025-02-01,Joda_Pit_3,700,533,1.3,4.3,1.6,0
2025-02-01,Garividi_Pit_1,600,541,2.3,0.4,1.9,0
2025-02-01,Vizianagaram_Pit_2,550,460,0.5,2.0,0.5,15
2025-02-01,Sandur_Pit_1,750,699,2.4,0.8,0.6,0
2025-02-01,Ballari_Pit_2,650,518,4.1,1.6,2.5,15
2025-02-02,Bharveli_Pit_1,850,715,0.6,2.6,1.8,15
2025-02-02,Ukwa_Pit_2,600,511,1.2,2.2,1.3,0
2025-02-02,Tirodi_Pit_3,750,699,7.5,0.1,0.9,0
2025-02-02,Dongri_Buzurg_Pit_4,900,763,0.7,2.1,0.6,45
2025-02-02,Mansar_Pit_5,500,369,2.8,1.8,0.0,60
2025-02-02,Kandri_Pit_6,650,554,3.5,0.4,3.3,0
2025-02-02,Keonjhar_Pit_1,800,759,2.4,0.9,0.2,0
2025-02-02,Barbil_Pit_2,850,808,0.7,1.0,0.6,0
2025-02-02,Joda_Pit_3,700,556,2.7,0.1,3.7,45
2025-02-02,Garividi_Pit_1,600,558,4.5,0.2,0.1,0
2025-02-02,Vizianagaram_Pit_2,550,404,3.2,0.0,1.4,90
2025-02-02,Sandur_Pit_1,750,647,0.1,2.0,1.5,0
2025-02-02,Ballari_Pit_2,650,496,0.2,2.6,1.8,30
2025-02-03,Bharveli_Pit_1,850,804,1.5,0.6,0.6,0
2025-02-03,Ukwa_Pit_2,600,476,3.0,1.0,3.6,0
2025-02-03,Tirodi_Pit_3,750,663,1.8,1.3,0.4,15
2025-02-03,Dongri_Buzurg_Pit_4,900,844,0.2,0.5,1.1,15
2025-02-03,Mansar_Pit_5,500,430,2.7,0.8,1.6,0
2025-02-03,Kandri_Pit_6,650,618,0.6,0.5,1.0,0
2025-02-03,Keonjhar_Pit_1,800,747,7.1,0.4,1.1,0
2025-02-03,Barbil_Pit_2,850,808,1.9,0.4,0.4,15
2025-02-03,Joda_Pit_3,700,645,3.2,0.9,1.2,0
2025-02-03,Garividi_Pit_1,600,544,5.4,0.6,0.1,15
2025-02-03,Vizianagaram_Pit_2,550,423,1.4,2.3,1.1,30
2025-02-03,Sandur_Pit_1,750,715,9.9,0.2,0.5,0
2025-02-03,Ballari_Pit_2,650,576,4.8,1.4,1.5,0
2025-02-04,Bharveli_Pit_1,850,682,3.5,3.4,2.8,0
2025-02-04,Ukwa_Pit_2,600,548,0.6,0.1,1.5,15
2025-02-04,Tirodi_Pit_3,750,717,0.2,0.5,1.0,0
2025-02-04,Dongri_Buzurg_Pit_4,900,894,2.8,0.1,0.1,0
2025-02-04,Mansar_Pit_5,500,409,5.7,1.2,1.8,0
2025-02-04,Kandri_Pit_6,650,475,2.0,2.7,1.5,45
2025-02-04,Keonjhar_Pit_1,800,732,2.6,0.1,3.7,0
2025-02-04,Barbil_Pit_2,850,819,0.0,0.6,0.6,0
2025-02-04,Joda_Pit_3,700,659,1.7,0.0,0.2,15
2025-02-04,Garividi_Pit_1,600,499,2.1,2.1,1.9,0
2025-02-04,Vizianagaram_Pit_2,550,468,2.2,0.4,0.6,30
2025-02-04,Sandur_Pit_1,750,600,3.5,2.1,4.0,0
2025-02-04,Ballari_Pit_2,650,574,0.8,1.0,0.7,15
2025-02-05,Bharveli_Pit_1,850,813,0.9,0.2,0.9,0
2025-02-05,Ukwa_Pit_2,600,549,4.4,0.5,0.3,0
2025-02-05,Tirodi_Pit_3,750,715,0.8,0.1,0.8,0
2025-02-05,Dongri_Buzurg_Pit_4,900,847,2.3,1.0,0.7,0
2025-02-05,Mansar_Pit_5,500,462,2.3,0.2,1.1,0
2025-02-05,Kandri_Pit_6,650,513,1.4,3.7,0.8,0
2025-02-05,Keonjhar_Pit_1,800,761,0.3,0.0,2.3,0
2025-02-05,Barbil_Pit_2,850,685,0.7,2.5,0.2,60
2025-02-05,Joda_Pit_3,700,517,1.8,1.9,6.6,0
2025-02-05,Garividi_Pit_1,600,557,6.5,0.5,0.8,0
2025-02-05,Vizianagaram_Pit_2,550,436,1.6,0.9,2.3,30
2025-02-05,Sandur_Pit_1,750,725,1.2,0.4,0.5,0
2025-02-05,Ballari_Pit_2,650,511,0.6,3.7,1.3,0
2025-02-06,Bharveli_Pit_1,850,828,1.7,0.2,0.9,15
2025-02-06,Ukwa_Pit_2,600,444,10.2,2.3,1.6,15
2025-02-06,Tirodi_Pit_3,750,696,1.9,0.2,0.8,0
2025-02-06,Dongri_Buzurg_Pit_4,900,690,0.5,3.7,3.8,30
2025-02-06,Mansar_Pit_5,500,382,1.5,2.2,0.2,30
2025-02-06,Kandri_Pit_6,650,495,0.6,2.3,4.6,0
2025-02-06,Keonjhar_Pit_1,800,599,1.2,4.4,1.1,45
2025-02-06,Barbil_Pit_2,850,787,0.7,0.2,2.3,0
2025-02-06,Joda_Pit_3,700,594,1.4,0.7,1.4,45
2025-02-06,Garividi_Pit_1,600,435,3.5,1.6,1.4,60
2025-02-06,Vizianagaram_Pit_2,550,484,0.4,0.1,3.1,0
2025-02-06,Sandur_Pit_1,750,679,2.0,2.9,0.0,0
2025-02-06,Ballari_Pit_2,650,572,2.3,1.4,1.9,0
2025-02-07,Bharveli_Pit_1,850,759,3.3,0.4,0.4,60
2025-02-07,Ukwa_Pit_2,600,310,0.0,6.7,1.8,30
2025-02-07,Tirodi_Pit_3,750,653,2.7,0.2,2.2,30
2025-02-07,Dongri_Buzurg_Pit_4,900,769,2.1,1.6,3.0,15
2025-02-07,Mansar_Pit_5,500,474,0.2,0.6,0.8,0
2025-02-07,Kandri_Pit_6,650,544,0.9,0.1,2.6,60
2025-02-07,Keonjhar_Pit_1,800,691,0.2,0.8,2.5,30
2025-02-07,Barbil_Pit_2,850,840,0.1,0.1,0.8,0
2025-02-07,Joda_Pit_3,700,536,3.3,2.9,0.8,45
2025-02-07,Garividi_Pit_1,600,549,0.8,0.7,0.4,15
2025-02-07,Vizianagaram_Pit_2,550,451,0.9,1.1,0.2,45
2025-02-07,Sandur_Pit_1,750,677,1.4,0.7,1.4,15
2025-02-07,Ballari_Pit_2,650,521,0.6,1.4,2.8,30
2025-02-08,Bharveli_Pit_1,850,779,1.6,0.8,0.2,30
2025-02-08,Ukwa_Pit_2,600,580,0.7,0.2,1.6,0
2025-02-08,Tirodi_Pit_3,750,712,2.8,0.4,0.0,15
2025-02-08,Dongri_Buzurg_Pit_4,900,839,3.7,0.0,0.5,30
2025-02-08,Mansar_Pit_5,500,486,0.8,0.1,0.7,0
2025-02-08,Kandri_Pit_6,650,482,3.1,2.4,0.9,45
2025-02-08,Keonjhar_Pit_1,800,683,0.9,3.7,0.1,15
2025-02-08,Barbil_Pit_2,850,802,2.0,1.3,0.0,0
2025-02-08,Joda_Pit_3,700,518,2.5,1.2,5.4,30
2025-02-08,Garividi_Pit_1,600,531,0.7,0.1,2.4,15
2025-02-08,Vizianagaram_Pit_2,550,440,0.1,0.5,5.0,15
2025-02-08,Sandur_Pit_1,750,742,0.5,0.5,0.7,0
2025-02-08,Ballari_Pit_2,650,509,2.9,0.6,2.8,45
2025-02-09,Bharveli_Pit_1,850,758,1.3,2.3,0.4,15
2025-02-09,Ukwa_Pit_2,600,567,1.9,0.4,0.2,15
2025-02-09,Tirodi_Pit_3,750,676,2.1,0.6,2.0,0
2025-02-09,Dongri_Buzurg_Pit_4,900,857,4.4,0.4,0.7,0
2025-02-09,Mansar_Pit_5,500,444,0.6,2.0,0.0,0
2025-02-09,Kandri_Pit_6,650,650,0.8,0.0,0.2,0
2025-02-09,Keonjhar_Pit_1,800,764,1.5,1.0,0.0,0
2025-02-09,Barbil_Pit_2,850,760,6.6,0.8,1.8,0
2025-02-09,Joda_Pit_3,700,552,1.5,4.1,0.2,0
2025-02-09,Garividi_Pit_1,600,527,2.9,1.8,0.2,0
2025-02-09,Vizianagaram_Pit_2,550,515,0.9,0.5,0.0,0
2025-02-09,Sandur_Pit_1,750,558,2.1,4.0,3.0,0
2025-02-09,Ballari_Pit_2,650,599,3.0,0.7,0.8,0
2025-02-10,Bharveli_Pit_1,850,833,0.1,0.3,0.5,0
2025-02-10,Ukwa_Pit_2,600,352,0.1,3.5,4.6,30
2025-02-10,Tirodi_Pit_3,750,602,9.5,0.9,5.3,0
2025-02-10,Dongri_Buzurg_Pit_4,900,833,0.4,0.2,1.6,30
2025-02-10,Mansar_Pit_5,500,405,1.7,0.2,2.7,15
2025-02-10,Kandri_Pit_6,650,570,0.6,0.5,4.0,0
2025-02-10,Keonjhar_Pit_1,800,691,1.3,2.4,2.0,0
2025-02-10,Barbil_Pit_2,850,694,0.3,3.5,1.2,0
2025-02-10,Joda_Pit_3,700,653,1.4,1.3,0.1,0
2025-02-10,Garividi_Pit_1,600,559,1.6,0.6,0.1,0
2025-02-10,Vizianagaram_Pit_2,550,502,1.2,0.3,0.1,30
2025-02-10,Sandur_Pit_1,750,519,6.5,0.2,4.8,90
2025-02-10,Ballari_Pit_2,650,456,2.5,4.4,1.3,0
2025-02-11,Bharveli_Pit_1,850,712,0.2,1.1,6.4,0
2025-02-11,Ukwa_Pit_2,600,346,3.1,2.6,4.6,60
2025-02-11,Tirodi_Pit_3,750,679,2.8,0.2,1.0,30
2025-02-11,Dongri_Buzurg_Pit_4,900,815,0.6,1.1,1.8,0
2025-02-11,Mansar_Pit_5,500,491,1.4,0.0,0.0,0
2025-02-11,Kandri_Pit_6,650,583,5.2,0.3,1.6,0
2025-02-11,Keonjhar_Pit_1,800,775,2.6,0.1,0.9,0
2025-02-11,Barbil_Pit_2,850,796,1.3,1.2,0.2,0
2025-02-11,Joda_Pit_3,700,619,10.0,0.1,2.3,0
2025-02-11,Garividi_Pit_1,600,423,1.0,1.5,4.0,60
2025-02-11,Vizianagaram_Pit_2,550,495,3.1,0.3,1.3,0
2025-02-11,Sandur_Pit_1,750,673,2.1,0.3,0.3,45
2025-02-11,Ballari_Pit_2,650,650,0.5,0.0,0.1,0
2025-02-12,Bharveli_Pit_1,850,698,4.0,0.4,4.8,15
2025-02-12,Ukwa_Pit_2,600,550,1.5,1.6,0.5,0
2025-02-12,Tirodi_Pit_3,750,567,4.5,3.2,3.6,0
2025-02-12,Dongri_Buzurg_Pit_4,900,845,1.4,0.3,1.4,0
2025-02-12,Mansar_Pit_5,500,449,0.8,2.1,0.4,0
2025-02-12,Kandri_Pit_6,650,543,3.3,2.0,0.6,15
2025-02-12,Keonjhar_Pit_1,800,709,2.9,1.2,0.3,45
2025-02-12,Barbil_Pit_2,850,803,1.1,0.0,0.2,30
2025-02-12,Joda_Pit_3,700,670,0.0,0.6,1.2,0
2025-02-12,Garividi_Pit_1,600,499,0.5,0.0,2.1,60
2025-02-12,Vizianagaram_Pit_2,550,451,0.5,1.2,2.2,30
2025-02-12,Sandur_Pit_1,750,660,0.8,1.4,2.7,0
2025-02-12,Ballari_Pit_2,650,415,0.9,2.6,2.6,90
2025-02-13,Bharveli_Pit_1,850,771,1.8,1.2,0.1,15
2025-02-13,Ukwa_Pit_2,600,516,2.5,0.2,2.4,15
2025-02-13,Tirodi_Pit_3,750,676,0.7,1.4,2.3,0
2025-02-13,Dongri_Buzurg_Pit_4,900,779,1.4,0.8,0.7,60
2025-02-13,Mansar_Pit_5,500,367,2.5,0.7,4.1,15
2025-02-13,Kandri_Pit_6,650,530,2.6,2.2,0.5,30
2025-02-13,Keonjhar_Pit_1,800,582,0.8,4.2,3.1,30
2025-02-13,Barbil_Pit_2,850,738,2.6,0.9,4.7,0
2025-02-13,Joda_Pit_3,700,630,3.1,1.5,0.8,0
2025-02-13,Garividi_Pit_1,600,495,3.7,0.0,1.9,60
2025-02-13,Vizianagaram_Pit_2,550,388,2.4,1.9,1.3,60
2025-02-13,Sandur_Pit_1,750,629,0.1,0.8,2.0,45
2025-02-13,Ballari_Pit_2,650,572,1.6,0.6,0.2,45
2025-02-14,Bharveli_Pit_1,850,762,0.3,0.4,0.5,45
2025-02-14,Ukwa_Pit_2,600,495,0.6,1.1,1.4,30
2025-02-14,Tirodi_Pit_3,750,718,4.7,0.0,1.8,0
2025-02-14,Dongri_Buzurg_Pit_4,900,848,0.7,0.5,1.6,0
2025-02-14,Mansar_Pit_5,500,438,2.6,0.6,0.1,30
2025-02-14,Kandri_Pit_6,650,644,2.3,0.4,0.1,0
2025-02-14,Keonjhar_Pit_1,800,696,5.8,1.1,1.8,15
2025-02-14,Barbil_Pit_2,850,840,2.8,0.1,0.5,0
2025-02-14,Joda_Pit_3,700,541,1.1,4.3,0.1,15
2025-02-14,Garividi_Pit_1,600,541,2.7,1.3,0.9,0
2025-02-14,Vizianagaram_Pit_2,550,539,1.0,0.3,0.4,0
2025-02-14,Sandur_Pit_1,750,603,2.1,3.8,1.5,0
2025-02-14,Ballari_Pit_2,650,516,0.2,3.3,0.6,0
2025-02-15,Bharveli_Pit_1,850,747,2.1,0.3,0.0,60
2025-02-15,Ukwa_Pit_2,600,517,0.6,1.2,2.0,15
2025-02-15,Tirodi_Pit_3,750,597,1.8,2.2,4.7,0
2025-02-15,Dongri_Buzurg_Pit_4,900,701,0.3,3.2,2.1,45
2025-02-15,Mansar_Pit_5,500,448,2.4,1.3,0.8,0
2025-02-15,Kandri_Pit_6,650,533,1.7,0.3,1.0,60
2025-02-15,Keonjhar_Pit_1,800,655,0.4,1.2,6.0,0
2025-02-15,Barbil_Pit_2,850,793,0.0,0.6,0.2,30
2025-02-15,Joda_Pit_3,700,632,0.6,0.6,2.1,0
2025-02-15,Garividi_Pit_1,600,537,1.8,1.0,1.6,0
2025-02-15,Vizianagaram_Pit_2,550,434,0.4,2.3,2.1,0
2025-02-15,Sandur_Pit_1,750,730,0.6,0.3,0.5,0
2025-02-15,Ballari_Pit_2,650,583,2.6,1.0,1.8,0
2025-02-16,Bharveli_Pit_1,850,679,6.1,2.0,2.6,30
2025-02-16,Ukwa_Pit_2,600,480,0.4,1.1,2.2,30
2025-02-16,Tirodi_Pit_3,750,664,1.5,0.1,0.7,45
2025-02-16,Dongri_Buzurg_Pit_4,900,775,0.6,0.5,3.6,15
2025-02-16,Mansar_Pit_5,500,443,3.1,0.7,1.6,0
2025-02-16,Kandri_Pit_6,650,511,1.2,1.2,4.4,0
2025-02-16,Keonjhar_Pit_1,800,757,3.5,0.4,0.9,0
2025-02-16,Barbil_Pit_2,850,771,0.1,0.7,4.2,0
2025-02-16,Joda_Pit_3,700,642,2.9,0.6,1.7,0
2025-02-16,Garividi_Pit_1,600,511,0.1,0.2,1.7,45
2025-02-16,Vizianagaram_Pit_2,550,503,3.4,1.3,0.2,0
2025-02-16,Sandur_Pit_1,750,715,1.4,0.8,0.7,0
2025-02-16,Ballari_Pit_2,650,519,3.5,1.7,0.6,45
2025-02-17,Bharveli_Pit_1,850,683,0.9,0.8,4.5,45
2025-02-17,Ukwa_Pit_2,600,538,0.2,0.5,1.3,15
2025-02-17,Tirodi_Pit_3,750,589,2.3,2.0,3.1,30
2025-02-17,Dongri_Buzurg_Pit_4,900,834,1.2,1.0,0.3,15
2025-02-17,Mansar_Pit_5,500,499,0.5,0.1,0.3,0
2025-02-17,Kandri_Pit_6,650,578,2.5,1.5,1.2,0
2025-02-17,Keonjhar_Pit_1,800,763,0.2,0.3,1.2,15
2025-02-17,Barbil_Pit_2,850,820,0.6,0.1,0.8,0
2025-02-17,Joda_Pit_3,700,616,1.1,0.6,1.2,15
2025-02-17,Garividi_Pit_1,600,561,2.4,0.2,1.1,0
2025-02-17,Vizianagaram_Pit_2,550,505,1.5,0.1,1.5,0
2025-02-17,Sandur_Pit_1,750,698,0.8,0.2,1.9,0
2025-02-17,Ballari_Pit_2,650,609,0.5,0.8,0.9,0
2025-02-18,Bharveli_Pit_1,850,784,3.1,0.1,1.0,15
2025-02-18,Ukwa_Pit_2,600,532,0.6,0.0,2.1,15
2025-02-18,Tirodi_Pit_3,750,611,3.6,1.9,3.0,0
2025-02-18,Dongri_Buzurg_Pit_4,900,785,1.2,0.2,3.1,45
2025-02-18,Mansar_Pit_5,500,442,1.3,0.1,0.8,30
2025-02-18,Kandri_Pit_6,650,543,0.1,2.3,0.8,15
2025-02-18,Keonjhar_Pit_1,800,728,6.9,0.1,1.7,0
2025-02-18,Barbil_Pit_2,850,619,1.1,6.5,1.3,0
2025-02-18,Joda_Pit_3,700,676,0.5,0.5,0.7,0
2025-02-18,Garividi_Pit_1,600,538,2.6,1.2,2.0,0
2025-02-18,Vizianagaram_Pit_2,550,484,0.5,1.2,1.1,0
2025-02-18,Sandur_Pit_1,750,675,1.6,0.1,2.3,15
2025-02-18,Ballari_Pit_2,650,522,3.0,1.5,2.6,15
2025-02-19,Bharveli_Pit_1,850,798,1.9,1.5,0.3,0
2025-02-19,Ukwa_Pit_2,600,414,4.4,1.5,3.8,30
2025-02-19,Tirodi_Pit_3,750,662,4.4,1.0,1.6,0
2025-02-19,Dongri_Buzurg_Pit_4,900,852,1.3,1.4,0.5,0
2025-02-19,Mansar_Pit_5,500,400,0.5,0.6,3.8,15
2025-02-19,Kandri_Pit_6,650,606,0.4,0.1,1.9,0
2025-02-19,Keonjhar_Pit_1,800,734,3.2,0.3,1.9,0
2025-02-19,Barbil_Pit_2,850,777,5.6,1.1,0.6,0
2025-02-19,Joda_Pit_3,700,649,0.5,1.0,0.5,15
2025-02-19,Garividi_Pit_1,600,489,3.4,1.7,2.3,0
2025-02-19,Vizianagaram_Pit_2,550,531,0.9,0.6,0.1,0
2025-02-19,Sandur_Pit_1,750,650,0.1,2.3,0.4,15
2025-02-19,Ballari_Pit_2,650,507,0.8,2.5,3.5,0
2025-02-20,Bharveli_Pit_1,850,546,4.6,6.1,2.8,30
2025-02-20,Ukwa_Pit_2,600,416,0.1,0.1,10.9,0
2025-02-20,Tirodi_Pit_3,750,528,2.8,1.8,3.1,90
2025-02-20,Dongri_Buzurg_Pit_4,900,823,0.0,0.5,2.5,15
2025-02-20,Mansar_Pit_5,500,445,0.8,1.2,0.4,0
2025-02-20,Kandri_Pit_6,650,555,2.9,0.0,2.9,15
2025-02-20,Keonjhar_Pit_1,800,681,1.7,1.1,3.2,15
2025-02-20,Barbil_Pit_2,850,784,2.8,0.6,2.0,0
2025-02-20,Joda_Pit_3,700,533,0.5,1.0,4.2,45
2025-02-20,Garividi_Pit_1,600,294,0.5,6.0,6.4,15
2025-02-20,Vizianagaram_Pit_2,550,448,3.3,1.4,1.4,0
2025-02-20,Sandur_Pit_1,750,649,2.3,0.5,4.5,0
2025-02-20,Ballari_Pit_2,650,558,1.4,1.3,1.9,15
2025-02-21,Bharveli_Pit_1,850,774,2.0,1.0,0.3,30
2025-02-21,Ukwa_Pit_2,600,489,1.2,1.2,2.9,0
2025-02-21,Tirodi_Pit_3,750,559,3.6,1.8,5.2,15
2025-02-21,Dongri_Buzurg_Pit_4,900,849,1.3,0.6,0.3,15
2025-02-21,Mansar_Pit_5,500,451,1.8,1.0,0.7,0
2025-02-21,Kandri_Pit_6,650,622,0.1,0.6,0.1,15
2025-02-21,Keonjhar_Pit_1,800,659,4.0,2.4,0.4,30
2025-02-21,Barbil_Pit_2,850,618,0.7,1.8,9.4,0
2025-02-21,Joda_Pit_3,700,588,7.3,0.7,3.0,0
2025-02-21,Garividi_Pit_1,600,454,0.8,0.1,5.9,30
2025-02-21,Vizianagaram_Pit_2,550,540,0.1,0.3,0.4,0
2025-02-21,Sandur_Pit_1,750,740,0.6,0.1,0.3,0
2025-02-21,Ballari_Pit_2,650,574,0.7,1.8,0.6,0
2025-02-22,Bharveli_Pit_1,850,837,0.5,0.2,0.5,0
2025-02-22,Ukwa_Pit_2,600,533,0.5,1.8,0.3,0
2025-02-22,Tirodi_Pit_3,750,721,4.0,0.2,0.1,0
2025-02-22,Dongri_Buzurg_Pit_4,900,856,3.3,0.2,1.4,15
2025-02-22,Mansar_Pit_5,500,455,0.3,1.1,0.5,0
2025-02-22,Kandri_Pit_6,650,593,0.7,1.9,0.1,0
2025-02-22,Keonjhar_Pit_1,800,703,1.2,1.4,1.4,15
2025-02-22,Barbil_Pit_2,850,657,0.8,0.8,2.9,90
2025-02-22,Joda_Pit_3,700,662,4.4,0.5,0.3,0
2025-02-22,Garividi_Pit_1,600,447,1.3,2.0,0.7,45
2025-02-22,Vizianagaram_Pit_2,550,482,1.0,0.4,1.0,30
2025-02-22,Sandur_Pit_1,750,682,6.1,0.2,1.3,15
2025-02-22,Ballari_Pit_2,650,570,1.3,1.1,0.4,15
2025-02-23,Bharveli_Pit_1,850,826,0.3,0.9,0.3,0
2025-02-23,Ukwa_Pit_2,600,552,0.5,0.2,2.8,0
2025-02-23,Tirodi_Pit_3,750,674,0.9,1.8,0.7,0
2025-02-23,Dongri_Buzurg_Pit_4,900,793,1.6,2.1,2.5,0
2025-02-23,Mansar_Pit_5,500,409,0.5,2.3,0.5,0
2025-02-23,Kandri_Pit_6,650,523,0.0,2.2,2.5,15
2025-02-23,Keonjhar_Pit_1,800,771,1.2,0.5,0.2,0
2025-02-23,Barbil_Pit_2,850,817,5.1,0.0,0.6,0
2025-02-23,Joda_Pit_3,700,633,1.3,0.7,2.3,0
2025-02-23,Garividi_Pit_1,600,446,1.3,0.6,1.5,90
2025-02-23,Vizianagaram_Pit_2,550,516,3.5,0.2,0.0,0
2025-02-23,Sandur_Pit_1,750,635,0.8,0.8,1.5,45
2025-02-23,Ballari_Pit_2,650,587,0.1,0.0,1.3,0
2025-02-24,Bharveli_Pit_1,850,835,3.7,0.2,0.0,0
2025-02-24,Ukwa_Pit_2,600,571,1.9,0.4,0.3,0
2025-02-24,Tirodi_Pit_3,750,690,3.2,0.5,2.2,0
2025-02-24,Dongri_Buzurg_Pit_4,900,779,2.3,0.9,4.2,0
2025-02-24,Mansar_Pit_5,500,438,0.1,0.0,2.8,15
2025-02-24,Kandri_Pit_6,650,528,0.8,0.0,5.2,15
2025-02-24,Keonjhar_Pit_1,800,716,5.4,0.3,1.5,15
2025-02-24,Barbil_Pit_2,850,718,5.9,2.4,2.1,0
2025-02-24,Joda_Pit_3,700,537,0.7,3.6,0.0,30
2025-02-24,Garividi_Pit_1,600,525,9.2,0.4,0.7,0
2025-02-24,Vizianagaram_Pit_2,550,481,1.2,0.3,0.7,30
2025-02-24,Sandur_Pit_1,750,725,0.1,0.1,0.3,15
2025-02-24,Ballari_Pit_2,650,495,0.3,3.8,0.9,15
2025-02-25,Bharveli_Pit_1,850,752,2.2,1.5,2.2,15
2025-02-25,Ukwa_Pit_2,600,489,4.7,1.9,2.3,0
2025-02-25,Tirodi_Pit_3,750,533,1.0,2.4,3.6,45
2025-02-25,Dongri_Buzurg_Pit_4,900,852,0.8,1.3,0.5,0
2025-02-25,Mansar_Pit_5,500,403,1.1,2.0,0.2,30
2025-02-25,Kandri_Pit_6,650,625,1.5,0.4,1.1,0
2025-02-25,Keonjhar_Pit_1,800,698,0.4,0.1,1.3,45
2025-02-25,Barbil_Pit_2,850,694,0.8,1.5,1.7,60
2025-02-25,Joda_Pit_3,700,585,2.1,2.5,0.8,0
2025-02-25,Garividi_Pit_1,600,504,0.0,1.9,2.6,0
2025-02-25,Vizianagaram_Pit_2,550,380,0.3,4.3,0.4,0
2025-02-25,Sandur_Pit_1,750,685,1.8,1.5,0.1,15
2025-02-25,Ballari_Pit_2,650,536,0.4,0.9,0.6,60
2025-02-26,Bharveli_Pit_1,850,631,3.4,4.5,0.5,60
2025-02-26,Ukwa_Pit_2,600,571,0.1,0.1,1.9,0
2025-02-26,Tirodi_Pit_3,750,678,0.5,1.0,0.5,15
2025-02-26,Dongri_Buzurg_Pit_4,900,857,3.4,0.7,0.7,0
2025-02-26,Mansar_Pit_5,500,483,3.3,0.4,0.4,0
2025-02-26,Kandri_Pit_6,650,604,3.7,0.3,0.8,30
2025-02-26,Keonjhar_Pit_1,800,751,3.5,0.5,1.0,0
2025-02-26,Barbil_Pit_2,850,822,1.5,0.0,1.0,0
2025-02-26,Joda_Pit_3,700,543,0.4,1.2,5.7,15
2025-02-26,Garividi_Pit_1,600,492,1.1,0.1,1.5,60
2025-02-26,Vizianagaram_Pit_2,550,496,2.2,0.1,0.7,15
2025-02-26,Sandur_Pit_1,750,696,3.4,1.0,0.7,0
2025-02-26,Ballari_Pit_2,650,605,0.2,0.5,0.9,15
2025-02-27,Bharveli_Pit_1,850,796,1.0,0.2,0.3,30
2025-02-27,Ukwa_Pit_2,600,536,0.1,0.6,0.3,45
2025-02-27,Tirodi_Pit_3,750,605,1.4,1.4,5.1,0
2025-02-27,Dongri_Buzurg_Pit_4,900,710,4.3,3.0,4.0,15
2025-02-27,Mansar_Pit_5,500,414,2.8,0.8,1.8,0
2025-02-27,Kandri_Pit_6,650,526,2.6,1.9,0.3,30
2025-02-27,Keonjhar_Pit_1,800,708,1.1,0.5,3.9,0
2025-02-27,Barbil_Pit_2,850,810,3.7,0.7,1.2,0
2025-02-27,Joda_Pit_3,700,610,0.1,0.3,0.0,60
2025-02-27,Garividi_Pit_1,600,507,6.7,0.6,2.1,0
2025-02-27,Vizianagaram_Pit_2,550,459,5.9,0.6,2.4,0
2025-02-27,Sandur_Pit_1,750,677,9.3,0.0,1.5,15
2025-02-27,Ballari_Pit_2,650,590,5.6,0.2,1.6,0
2025-02-28,Bharveli_Pit_1,850,805,0.7,0.9,0.9,0
2025-02-28,Ukwa_Pit_2,600,520,2.8,2.5,0.1,0
2025-02-28,Tirodi_Pit_3,750,705,0.2,0.0,1.7,15
2025-02-28,Dongri_Buzurg_Pit_4,900,736,0.0,2.0,5.9,0
2025-02-28,Mansar_Pit_5,500,371,0.5,2.2,4.2,0
2025-02-28,Kandri_Pit_6,650,568,0.1,1.0,0.0,30
2025-02-28,Keonjhar_Pit_1,800,772,0.7,0.0,1.4,0
2025-02-28,Barbil_Pit_2,850,735,0.6,1.4,0.5,45
2025-02-28,Joda_Pit_3,700,662,0.9,0.9,0.1,0
2025-02-28,Garividi_Pit_1,600,463,0.5,0.3,2.7,60
2025-02-28,Vizianagaram_Pit_2,550,489,0.2,0.7,0.7,45
2025-02-28,Sandur_Pit_1,750,710,0.8,0.6,1.2,0
2025-02-28,Ballari_Pit_2,650,549,1.7,1.8,2.3,0
2025-03-01,Bharveli_Pit_1,850,802,0.9,0.6,1.8,0
2025-03-01,Ukwa_Pit_2,600,563,0.1,0.5,1.9,0
2025-03-01,Tirodi_Pit_3,750,635,4.3,2.5,0.6,0
2025-03-01,Dongri_Buzurg_Pit_4,900,808,1.1,0.3,1.8,30
2025-03-01,Mansar_Pit_5,500,447,1.0,0.2,2.1,0
2025-03-01,Kandri_Pit_6,650,513,2.2,0.3,0.1,90
2025-03-01,Keonjhar_Pit_1,800,718,4.0,0.4,1.0,15
2025-03-01,Barbil_Pit_2,850,802,1.1,0.6,0.6,15
2025-03-01,Joda_Pit_3,700,565,5.4,1.3,2.8,15
2025-03-01,Garividi_Pit_1,600,550,3.0,0.0,2.7,0
2025-03-01,Vizianagaram_Pit_2,550,479,2.9,0.3,3.2,0
2025-03-01,Sandur_Pit_1,750,531,0.3,4.3,1.8,30
2025-03-01,Ballari_Pit_2,650,573,1.8,1.0,1.8,15
2025-03-02,Bharveli_Pit_1,850,802,1.1,0.4,2.3,0
2025-03-02,Ukwa_Pit_2,600,530,2.0,1.5,0.4,0
2025-03-02,Tirodi_Pit_3,750,671,0.3,1.0,3.0,0
2025-03-02,Dongri_Buzurg_Pit_4,900,779,1.3,2.9,0.6,0
2025-03-02,Mansar_Pit_5,500,499,0.0,0.1,0.5,0
2025-03-02,Kandri_Pit_6,650,590,1.6,0.2,0.6,15
2025-03-02,Keonjhar_Pit_1,800,690,6.7,0.1,3.5,15
2025-03-02,Barbil_Pit_2,850,791,0.1,0.1,1.5,0
2025-03-02,Joda_Pit_3,700,620,5.0,0.6,0.2,30
2025-03-02,Garividi_Pit_1,600,466,2.4,2.5,2.5,15
2025-03-02,Vizianagaram_Pit_2,550,437,2.3,3.2,0.6,0
2025-03-02,Sandur_Pit_1,750,688,2.2,1.1,1.4,0
2025-03-02,Ballari_Pit_2,650,586,2.6,0.4,1.8,15
2025-03-03,Bharveli_Pit_1,850,699,0.2,2.0,4.0,15
2025-03-03,Ukwa_Pit_2,600,515,0.2,0.6,2.1,30
2025-03-03,Tirodi_Pit_3,750,659,0.6,0.0,1.2,45
2025-03-03,Dongri_Buzurg_Pit_4,900,847,6.3,0.9,1.2,0
2025-03-03,Mansar_Pit_5,500,461,1.9,0.5,0.4,0
2025-03-03,Kandri_Pit_6,650,516,0.8,0.1,0.3,90
2025-03-03,Keonjhar_Pit_1,800,556,4.1,6.0,1.4,30
2025-03-03,Barbil_Pit_2,850,813,0.8,0.4,0.8,15
2025-03-03,Joda_Pit_3,700,631,0.3,1.1,0.2,15
2025-03-03,Garividi_Pit_1,600,438,2.4,1.3,2.2,45
2025-03-03,Vizianagaram_Pit_2,550,536,1.9,0.2,0.0,0
2025-03-03,Sandur_Pit_1,750,657,1.2,1.1,3.0,0
2025-03-03,Ballari_Pit_2,650,622,1.8,0.9,0.1,0
2025-03-04,Bharveli_Pit_1,850,783,0.2,1.0,1.3,0
2025-03-04,Ukwa_Pit_2,600,535,0.1,0.8,1.9,0
2025-03-04,Tirodi_Pit_3,750,597,0.7,1.0,3.7,30
2025-03-04,Dongri_Buzurg_Pit_4,900,838,0.9,1.1,1.0,0
2025-03-04,Mansar_Pit_5,500,406,2.4,0.9,0.7,45
2025-03-04,Kandri_Pit_6,650,568,2.3,0.6,2.3,0
2025-03-04,Keonjhar_Pit_1,800,687,1.1,3.0,0.5,0
2025-03-04,Barbil_Pit_2,850,812,0.9,0.1,0.7,15
2025-03-04,Joda_Pit_3,700,495,0.4,1.2,9.8,0
2025-03-04,Garividi_Pit_1,600,523,0.2,2.4,0.9,0
2025-03-04,Vizianagaram_Pit_2,550,488,2.2,0.6,1.7,0
2025-03-04,Sandur_Pit_1,750,680,0.3,0.7,1.5,15
2025-03-04,Ballari_Pit_2,650,622,1.0,0.5,0.2,0
2025-03-05,Bharveli_Pit_1,850,811,0.5,0.1,1.3,15
2025-03-05,Ukwa_Pit_2,600,515,4.1,0.9,0.7,30
2025-03-05,Tirodi_Pit_3,750,645,1.7,2.6,0.8,0
2025-03-05,Dongri_Buzurg_Pit_4,900,853,0.3,0.2,0.9,15
2025-03-05,Mansar_Pit_5,500,433,3.5,0.1,1.0,15
2025-03-05,Kandri_Pit_6,650,497,3.5,1.7,0.5,60
2025-03-05,Keonjhar_Pit_1,800,690,1.7,3.0,1.8,0
2025-03-05,Barbil_Pit_2,850,631,3.3,3.3,0.0,90
2025-03-05,Joda_Pit_3,700,650,1.2,1.1,0.8,0
2025-03-05,Garividi_Pit_1,600,502,1.8,2.6,0.8,0
2025-03-05,Vizianagaram_Pit_2,550,452,3.4,1.9,1.4,0
2025-03-05,Sandur_Pit_1,750,636,3.2,0.9,2.8,15
2025-03-05,Ballari_Pit_2,650,481,1.1,3.5,1.2,15
2025-03-06,Bharveli_Pit_1,850,786,0.5,1.1,1.4,0
2025-03-06,Ukwa_Pit_2,600,544,2.9,0.8,0.4,15
2025-03-06,Tirodi_Pit_3,750,729,0.2,0.6,0.3,0
2025-03-06,Dongri_Buzurg_Pit_4,900,873,0.1,0.6,1.1,0
2025-03-06,Mansar_Pit_5,500,392,1.0,2.0,0.3,15
2025-03-06,Kandri_Pit_6,650,494,4.2,0.9,5.1,0
2025-03-06,Keonjhar_Pit_1,800,780,0.2,0.0,0.3,15
2025-03-06,Barbil_Pit_2,850,752,5.8,2.0,0.6,0
2025-03-06,Joda_Pit_3,700,681,0.4,0.1,0.2,15
2025-03-06,Garividi_Pit_1,600,450,9.1,1.3,4.8,0
2025-03-06,Vizianagaram_Pit_2,550,504,1.0,0.9,0.1,0
2025-03-06,Sandur_Pit_1,750,693,1.1,0.7,0.9,0
2025-03-06,Ballari_Pit_2,650,550,0.8,0.2,0.2,60
2025-03-07,Bharveli_Pit_1,850,817,0.8,0.5,0.4,0
2025-03-07,Ukwa_Pit_2,600,482,0.4,1.8,1.8,15
2025-03-07,Tirodi_Pit_3,750,688,0.2,0.4,0.7,30
2025-03-07,Dongri_Buzurg_Pit_4,900,763,9.8,0.3,3.3,30
2025-03-07,Mansar_Pit_5,500,334,1.1,4.2,0.3,30
2025-03-07,Kandri_Pit_6,650,564,0.8,1.4,0.9,15
2025-03-07,Keonjhar_Pit_1,800,743,4.0,0.1,1.9,0
2025-03-07,Barbil_Pit_2,850,794,1.1,0.9,0.8,15
2025-03-07,Joda_Pit_3,700,536,0.3,0.2,4.8,45
2025-03-07,Garividi_Pit_1,600,410,4.8,5.2,0.4,0
2025-03-07,Vizianagaram_Pit_2,550,466,1.1,0.5,1.4,15
2025-03-07,Sandur_Pit_1,750,678,0.4,0.7,1.3,15
2025-03-07,Ballari_Pit_2,650,581,0.1,0.5,2.4,15
2025-03-08,Bharveli_Pit_1,850,740,0.6,1.3,1.3,30
2025-03-08,Ukwa_Pit_2,600,565,1.3,0.2,0.5,0
2025-03-08,Tirodi_Pit_3,750,727,1.8,0.8,0.5,0
2025-03-08,Dongri_Buzurg_Pit_4,900,793,2.7,0.0,1.4,60
2025-03-08,Mansar_Pit_5,500,476,0.4,0.7,0.2,15
2025-03-08,Kandri_Pit_6,650,547,1.5,2.5,0.3,0
2025-03-08,Keonjhar_Pit_1,800,678,4.0,0.9,3.5,15
2025-03-08,Barbil_Pit_2,850,715,2.8,2.7,1.4,0
2025-03-08,Joda_Pit_3,700,661,0.6,0.2,0.5,0
2025-03-08,Garividi_Pit_1,600,546,1.1,1.1,0.1,0
2025-03-08,Vizianagaram_Pit_2,550,503,0.4,0.8,0.4,0
2025-03-08,Sandur_Pit_1,750,647,0.0,1.2,1.8,30
2025-03-08,Ballari_Pit_2,650,547,5.4,0.0,0.3,45
2025-03-09,Bharveli_Pit_1,850,629,2.2,1.3,4.3,90
2025-03-09,Ukwa_Pit_2,600,513,2.5,0.4,3.4,0
2025-03-09,Tirodi_Pit_3,750,683,0.6,0.3,0.2,45
2025-03-09,Dongri_Buzurg_Pit_4,900,821,1.4,1.2,0.4,30
2025-03-09,Mansar_Pit_5,500,349,1.1,0.3,6.0,15
2025-03-09,Kandri_Pit_6,650,547,5.5,0.4,2.4,30
2025-03-09,Keonjhar_Pit_1,800,724,2.2,1.4,1.4,0
2025-03-09,Barbil_Pit_2,850,806,1.4,0.4,0.9,15
2025-03-09,Joda_Pit_3,700,636,1.0,0.3,0.4,30
2025-03-09,Garividi_Pit_1,600,476,4.8,0.5,2.2,45
2025-03-09,Vizianagaram_Pit_2,550,494,6.3,0.5,0.7,0
2025-03-09,Sandur_Pit_1,750,730,1.3,0.1,0.5,0
2025-03-09,Ballari_Pit_2,650,483,0.7,2.2,3.1,30
2025-03-10,Bharveli_Pit_1,850,706,0.3,1.3,4.6,15
2025-03-10,Ukwa_Pit_2,600,584,2.1,0.8,0.2,0
2025-03-10,Tirodi_Pit_3,750,580,3.2,2.2,0.2,60
2025-03-10,Dongri_Buzurg_Pit_4,900,760,2.8,1.8,4.7,0
2025-03-10,Mansar_Pit_5,500,418,3.9,0.2,2.0,30
2025-03-10,Kandri_Pit_6,650,582,4.1,0.2,0.1,30
2025-03-10,Keonjhar_Pit_1,800,712,1.3,2.1,0.8,0
2025-03-10,Barbil_Pit_2,850,754,0.4,1.4,1.1,15
2025-03-10,Joda_Pit_3,700,536,1.2,1.9,2.8,30
2025-03-10,Garividi_Pit_1,600,475,0.9,2.3,2.1,0
2025-03-10,Vizianagaram_Pit_2,550,385,1.0,2.4,0.1,60
2025-03-10,Sandur_Pit_1,750,641,0.6,0.3,4.6,0
2025-03-10,Ballari_Pit_2,650,615,3.0,0.5,0.2,0
2025-03-11,Bharveli_Pit_1,850,800,0.9,0.5,0.7,15
2025-03-11,Ukwa_Pit_2,600,486,1.2,2.3,1.1,15
2025-03-11,Tirodi_Pit_3,750,695,2.2,1.0,0.9,0
2025-03-11,Dongri_Buzurg_Pit_4,900,827,3.1,0.2,2.7,15
2025-03-11,Mansar_Pit_5,500,451,0.6,1.5,1.2,0
2025-03-11,Kandri_Pit_6,650,386,1.8,6.0,0.9,45
2025-03-11,Keonjhar_Pit_1,800,773,0.5,0.6,0.4,0
2025-03-11,Barbil_Pit_2,850,725,4.9,2.0,2.2,0
2025-03-11,Joda_Pit_3,700,671,1.1,0.1,1.1,0
2025-03-11,Garividi_Pit_1,600,513,0.9,1.1,2.0,0
2025-03-11,Vizianagaram_Pit_2,550,482,0.8,0.6,1.8,15
2025-03-11,Sandur_Pit_1,750,626,4.0,2.2,0.0,30
2025-03-11,Ballari_Pit_2,650,452,1.3,4.8,2.2,0
2025-03-12,Bharveli_Pit_1,850,629,1.5,5.3,3.1,0
2025-03-12,Ukwa_Pit_2,600,525,0.0,0.6,0.4,30
2025-03-12,Tirodi_Pit_3,750,694,0.8,1.9,0.0,0
2025-03-12,Dongri_Buzurg_Pit_4,900,877,0.1,0.2,1.3,0
2025-03-12,Mansar_Pit_5,500,387,1.1,0.5,3.3,45
2025-03-12,Kandri_Pit_6,650,540,0.2,3.4,0.1,0
2025-03-12,Keonjhar_Pit_1,800,740,0.7,0.4,0.3,30
2025-03-12,Barbil_Pit_2,850,786,0.3,0.1,3.8,0
2025-03-12,Joda_Pit_3,700,579,3.4,0.9,0.1,60
2025-03-12,Garividi_Pit_1,600,517,0.4,2.1,0.0,15
2025-03-12,Vizianagaram_Pit_2,550,340,2.9,3.0,3.8,30
2025-03-12,Sandur_Pit_1,750,718,0.7,0.4,0.8,0
2025-03-12,Ballari_Pit_2,650,603,1.6,0.2,1.9,0
2025-03-13,Bharveli_Pit_1,850,779,3.2,1.5,1.7,0
2025-03-13,Ukwa_Pit_2,600,580,1.6,0.1,0.8,0
2025-03-13,Tirodi_Pit_3,750,649,0.4,0.5,4.7,0
2025-03-13,Dongri_Buzurg_Pit_4,900,777,2.9,0.1,6.4,0
2025-03-13,Mansar_Pit_5,500,397,2.0,0.2,0.3,60
2025-03-13,Kandri_Pit_6,650,491,5.0,2.4,1.6,30
2025-03-13,Keonjhar_Pit_1,800,754,0.8,1.1,0.7,0
2025-03-13,Barbil_Pit_2,850,774,1.8,1.9,0.8,0
2025-03-13,Joda_Pit_3,700,624,0.7,1.1,1.5,15
2025-03-13,Garividi_Pit_1,600,534,0.9,1.9,0.4,0
2025-03-13,Vizianagaram_Pit_2,550,437,0.2,2.4,0.7,15
2025-03-13,Sandur_Pit_1,750,711,0.1,1.3,0.6,0
2025-03-13,Ballari_Pit_2,650,632,1.0,0.1,0.3,0
2025-03-14,Bharveli_Pit_1,850,767,0.2,2.7,0.0,0
2025-03-14,Ukwa_Pit_2,600,484,5.2,0.2,5.4,0
2025-03-14,Tirodi_Pit_3,750,644,2.7,0.9,3.5,15
2025-03-14,Dongri_Buzurg_Pit_4,900,800,0.4,2.7,0.6,0
2025-03-14,Mansar_Pit_5,500,339,2.9,0.5,4.9,30
2025-03-14,Kandri_Pit_6,650,620,0.1,0.3,1.0,0
2025-03-14,Keonjhar_Pit_1,800,685,2.7,2.8,0.9,0
2025-03-14,Barbil_Pit_2,850,737,1.3,0.5,3.8,15
2025-03-14,Joda_Pit_3,700,623,2.9,1.8,0.7,0
2025-03-14,Garividi_Pit_1,600,414,3.2,3.1,1.6,30
2025-03-14,Vizianagaram_Pit_2,550,439,3.3,2.1,0.8,0
2025-03-14,Sandur_Pit_1,750,676,1.2,1.5,0.7,15
2025-03-14,Ballari_Pit_2,650,567,0.4,1.5,1.3,0
2025-03-15,Bharveli_Pit_1,850,709,1.3,0.3,5.5,30
2025-03-15,Ukwa_Pit_2,600,466,6.3,0.6,1.0,45
2025-03-15,Tirodi_Pit_3,750,719,0.6,0.7,0.2,0
2025-03-15,Dongri_Buzurg_Pit_4,900,781,0.0,0.0,6.1,0
2025-03-15,Mansar_Pit_5,500,427,1.6,0.2,2.1,15
2025-03-15,Kandri_Pit_6,650,452,2.6,1.6,5.9,15
2025-03-15,Keonjhar_Pit_1,800,729,0.1,2.5,0.2,0
2025-03-15,Barbil_Pit_2,850,795,3.4,1.0,0.8,0
2025-03-15,Joda_Pit_3,700,593,4.1,0.1,2.4,30
2025-03-15,Garividi_Pit_1,600,516,0.4,0.6,0.3,30
2025-03-15,Vizianagaram_Pit_2,550,531,0.4,0.3,0.1,0
2025-03-15,Sandur_Pit_1,750,644,1.6,2.1,1.8,0
2025-03-15,Ballari_Pit_2,650,599,0.6,0.1,2.1,0
2025-03-16,Bharveli_Pit_1,850,784,0.7,0.8,1.3,15
2025-03-16,Ukwa_Pit_2,600,387,1.9,3.9,2.1,45
2025-03-16,Tirodi_Pit_3,750,670,2.9,1.0,0.3,15
2025-03-16,Dongri_Buzurg_Pit_4,900,822,1.3,0.8,0.7,15
2025-03-16,Mansar_Pit_5,500,416,0.4,1.8,0.3,0
2025-03-16,Kandri_Pit_6,650,617,1.2,0.4,1.3,0
2025-03-16,Keonjhar_Pit_1,800,691,5.4,2.8,1.1,0
2025-03-16,Barbil_Pit_2,850,774,5.1,0.0,1.3,30
2025-03-16,Joda_Pit_3,700,585,1.3,0.1,5.7,15
2025-03-16,Garividi_Pit_1,600,568,1.3,0.6,0.1,0
2025-03-16,Vizianagaram_Pit_2,550,513,3.6,0.3,0.3,15
2025-03-16,Sandur_Pit_1,750,692,0.1,0.1,2.9,0
2025-03-16,Ballari_Pit_2,650,582,0.1,0.6,3.0,0
2025-03-17,Bharveli_Pit_1,850,792,1.2,0.9,1.4,0
2025-03-17,Ukwa_Pit_2,600,565,0.8,0.1,0.7,0
2025-03-17,Tirodi_Pit_3,750,686,0.7,1.1,1.0,0
2025-03-17,Dongri_Buzurg_Pit_4,900,812,2.8,0.4,0.6,45
2025-03-17,Mansar_Pit_5,500,433,4.9,1.0,1.3,0
2025-03-17,Kandri_Pit_6,650,539,0.8,2.1,1.3,15
2025-03-17,Keonjhar_Pit_1,800,682,1.8,0.1,1.8,60
2025-03-17,Barbil_Pit_2,850,770,1.7,0.1,1.4,30
2025-03-17,Joda_Pit_3,700,586,2.1,2.5,1.6,0
2025-03-17,Garividi_Pit_1,600,498,0.7,0.2,3.8,30
2025-03-17,Vizianagaram_Pit_2,550,469,0.4,1.6,1.0,0
2025-03-17,Sandur_Pit_1,750,736,1.9,0.0,0.6,0
2025-03-17,Ballari_Pit_2,650,566,0.5,1.6,0.9,15
2025-03-18,Bharveli_Pit_1,850,789,0.0,0.0,0.9,30
2025-03-18,Ukwa_Pit_2,600,459,1.0,1.9,0.2,60
2025-03-18,Tirodi_Pit_3,750,609,2.8,3.1,1.8,0
2025-03-18,Dongri_Buzurg_Pit_4,900,758,0.8,1.3,2.3,45
2025-03-18,Mansar_Pit_5,500,418,0.5,1.8,2.1,0
2025-03-18,Kandri_Pit_6,650,446,0.7,4.5,1.6,30
2025-03-18,Keonjhar_Pit_1,800,711,7.5,0.5,2.6,0
2025-03-18,Barbil_Pit_2,850,769,5.9,0.3,0.6,30
2025-03-18,Joda_Pit_3,700,614,1.0,1.0,0.9,30
2025-03-18,Garividi_Pit_1,600,587,0.4,0.5,0.8,0
2025-03-18,Vizianagaram_Pit_2,550,452,1.8,2.4,0.3,15
2025-03-18,Sandur_Pit_1,750,684,2.4,0.6,1.1,0
2025-03-18,Ballari_Pit_2,650,601,2.4,1.2,0.1,0
2025-03-19,Bharveli_Pit_1,850,704,1.4,2.6,2.0,15
2025-03-19,Ukwa_Pit_2,600,496,3.2,2.2,1.0,0
2025-03-19,Tirodi_Pit_3,750,681,2.4,0.1,3.2,0
2025-03-19,Dongri_Buzurg_Pit_4,900,795,0.1,0.9,0.9,45
2025-03-19,Mansar_Pit_5,500,375,1.6,0.1,5.7,15
2025-03-19,Kandri_Pit_6,650,572,0.7,0.7,3.1,0
2025-03-19,Keonjhar_Pit_1,800,727,0.7,1.7,1.0,0
2025-03-19,Barbil_Pit_2,850,755,0.4,0.4,4.5,0
2025-03-19,Joda_Pit_3,700,565,0.4,2.4,1.0,30
2025-03-19,Garividi_Pit_1,600,535,8.2,0.1,0.2,30
2025-03-19,Vizianagaram_Pit_2,550,512,0.1,0.0,2.4,0
2025-03-19,Sandur_Pit_1,750,693,1.3,1.0,0.9,0
2025-03-19,Ballari_Pit_2,650,600,1.1,0.8,1.0,0
2025-03-20,Bharveli_Pit_1,850,753,4.4,2.5,0.7,15
2025-03-20,Ukwa_Pit_2,600,458,0.7,3.5,0.2,15
2025-03-20,Tirodi_Pit_3,750,611,0.7,0.4,0.8,90
2025-03-20,Dongri_Buzurg_Pit_4,900,865,0.2,0.2,0.9,15
2025-03-20,Mansar_Pit_5,500,475,0.6,0.4,0.1,0
2025-03-20,Kandri_Pit_6,650,530,4.8,0.0,2.7,60
2025-03-20,Keonjhar_Pit_1,800,663,0.2,0.2,5.2,15
2025-03-20,Barbil_Pit_2,850,629,2.6,5.9,0.5,15
2025-03-20,Joda_Pit_3,700,598,1.5,0.6,0.3,60
2025-03-20,Garividi_Pit_1,600,530,1.8,0.3,1.3,15
2025-03-20,Vizianagaram_Pit_2,550,361,1.4,5.1,1.5,0
2025-03-20,Sandur_Pit_1,750,673,1.0,0.5,0.9,30
2025-03-20,Ballari_Pit_2,650,571,1.3,1.7,1.4,0
2025-03-21,Bharveli_Pit_1,850,807,0.5,0.8,0.5,0
2025-03-21,Ukwa_Pit_2,600,467,2.1,0.8,0.9,60
2025-03-21,Tirodi_Pit_3,750,642,0.3,0.9,3.2,15
2025-03-21,Dongri_Buzurg_Pit_4,900,861,2.5,0.5,0.2,0
2025-03-21,Mansar_Pit_5,500,290,0.6,3.7,5.1,0
2025-03-21,Kandri_Pit_6,650,466,0.9,2.5,5.4,0
2025-03-21,Keonjhar_Pit_1,800,761,2.3,0.4,2.1,0
2025-03-21,Barbil_Pit_2,850,841,0.1,0.5,0.7,0
2025-03-21,Joda_Pit_3,700,580,0.4,0.4,5.9,0
2025-03-21,Garividi_Pit_1,600,436,1.2,0.9,6.6,0
2025-03-21,Vizianagaram_Pit_2,550,497,1.9,0.1,1.8,0
2025-03-21,Sandur_Pit_1,750,667,1.8,1.5,0.4,30
2025-03-21,Ballari_Pit_2,650,540,0.3,3.4,0.1,0
2025-03-22,Bharveli_Pit_1,850,798,0.9,1.1,1.3,0
2025-03-22,Ukwa_Pit_2,600,553,0.5,0.6,1.9,0
2025-03-22,Tirodi_Pit_3,750,557,0.9,0.5,6.0,60
2025-03-22,Dongri_Buzurg_Pit_4,900,853,0.1,0.4,0.5,15
2025-03-22,Mansar_Pit_5,500,379,3.0,2.1,3.0,0
2025-03-22,Kandri_Pit_6,650,597,0.1,1.3,0.0,0
2025-03-22,Keonjhar_Pit_1,800,720,0.8,1.3,2.3,0
2025-03-22,Barbil_Pit_2,850,649,1.2,1.4,1.9,90
2025-03-22,Joda_Pit_3,700,574,0.5,1.2,1.5,45
2025-03-22,Garividi_Pit_1,600,569,1.7,0.4,1.0,0
2025-03-22,Vizianagaram_Pit_2,550,432,1.7,2.4,1.3,15
2025-03-22,Sandur_Pit_1,750,715,0.5,0.7,0.6,0
2025-03-22,Ballari_Pit_2,650,619,1.4,0.4,0.5,0
2025-03-23,Bharveli_Pit_1,850,708,0.2,1.6,2.6,30
2025-03-23,Ukwa_Pit_2,600,500,0.2,1.1,2.9,15
2025-03-23,Tirodi_Pit_3,750,695,1.5,0.0,1.6,0
2025-03-23,Dongri_Buzurg_Pit_4,900,850,1.1,0.4,1.3,0
2025-03-23,Mansar_Pit_5,500,429,0.4,0.1,0.3,45
2025-03-23,Kandri_Pit_6,650,599,1.5,0.7,0.2,15
2025-03-23,Keonjhar_Pit_1,800,784,2.0,0.1,0.2,0
2025-03-23,Barbil_Pit_2,850,831,0.6,0.2,0.5,0
2025-03-23,Joda_Pit_3,700,596,3.6,1.4,0.2,30
2025-03-23,Garividi_Pit_1,600,451,0.6,1.1,0.7,90
2025-03-23,Vizianagaram_Pit_2,550,469,5.3,0.0,1.9,30
2025-03-23,Sandur_Pit_1,750,497,3.6,4.0,5.9,0
2025-03-23,Ballari_Pit_2,650,486,2.1,0.2,1.7,90
2025-03-24,Bharveli_Pit_1,850,805,4.9,0.6,0.1,0
2025-03-24,Ukwa_Pit_2,600,567,1.2,0.1,0.9,0
2025-03-24,Tirodi_Pit_3,750,669,5.3,1.1,0.6,15
2025-03-24,Dongri_Buzurg_Pit_4,900,811,0.9,1.3,1.7,30
2025-03-24,Mansar_Pit_5,500,462,0.6,0.4,0.2,15
2025-03-24,Kandri_Pit_6,650,544,4.1,2.4,1.0,0
2025-03-24,Keonjhar_Pit_1,800,699,0.2,1.2,2.8,0
2025-03-24,Barbil_Pit_2,850,804,4.2,0.3,1.3,0
2025-03-24,Joda_Pit_3,700,548,0.2,2.7,2.7,30
2025-03-24,Garividi_Pit_1,600,539,1.6,0.1,2.3,15
2025-03-24,Vizianagaram_Pit_2,550,525,0.4,0.2,0.3,0
2025-03-24,Sandur_Pit_1,750,683,0.0,0.1,1.4,30
2025-03-24,Ballari_Pit_2,650,592,0.8,0.5,1.5,0
2025-03-25,Bharveli_Pit_1,850,776,2.7,1.2,0.4,0
2025-03-25,Ukwa_Pit_2,600,505,0.3,0.2,1.8,45
2025-03-25,Tirodi_Pit_3,750,675,0.4,0.1,2.7,15
2025-03-25,Dongri_Buzurg_Pit_4,900,773,1.9,1.7,1.9,30
2025-03-25,Mansar_Pit_5,500,380,2.0,0.4,5.1,0
2025-03-25,Kandri_Pit_6,650,601,1.7,0.2,2.0,0
2025-03-25,Keonjhar_Pit_1,800,748,4.9,0.3,0.2,30
2025-03-25,Barbil_Pit_2,850,741,1.4,2.7,0.3,15
2025-03-25,Joda_Pit_3,700,624,2.3,1.0,2.2,0
2025-03-25,Garividi_Pit_1,600,467,1.2,0.6,6.6,0
2025-03-25,Vizianagaram_Pit_2,550,477,1.7,0.3,3.9,0
2025-03-25,Sandur_Pit_1,750,639,4.5,0.1,1.7,45
2025-03-25,Ballari_Pit_2,650,624,2.3,0.4,0.3,0
2025-03-26,Bharveli_Pit_1,850,843,0.2,0.2,0.2,0
2025-03-26,Ukwa_Pit_2,600,553,0.3,1.1,0.4,0
2025-03-26,Tirodi_Pit_3,750,604,0.4,2.8,2.8,0
2025-03-26,Dongri_Buzurg_Pit_4,900,800,2.3,1.3,1.6,0
2025-03-26,Mansar_Pit_5,500,391,0.1,0.7,3.5,15
2025-03-26,Kandri_Pit_6,650,372,2.2,4.3,6.8,15
2025-03-26,Keonjhar_Pit_1,800,703,0.6,1.8,0.2,30
2025-03-26,Barbil_Pit_2,850,799,2.0,0.6,0.9,0
2025-03-26,Joda_Pit_3,700,508,2.9,3.0,4.5,0
2025-03-26,Garividi_Pit_1,600,526,0.6,0.1,0.5,45
2025-03-26,Vizianagaram_Pit_2,550,453,2.0,1.4,0.5,30
2025-03-26,Sandur_Pit_1,750,689,2.0,0.2,2.8,0
2025-03-26,Ballari_Pit_2,650,588,2.1,0.6,1.5,0
2025-03-27,Bharveli_Pit_1,850,763,14.7,0.3,0.5,15
2025-03-27,Ukwa_Pit_2,600,438,6.7,2.7,1.1,30
2025-03-27,Tirodi_Pit_3,750,676,0.6,1.9,0.8,0
2025-03-27,Dongri_Buzurg_Pit_4,900,733,0.8,4.4,1.6,0
2025-03-27,Mansar_Pit_5,500,467,0.1,0.1,0.2,15
2025-03-27,Kandri_Pit_6,650,540,5.3,0.8,3.0,0
2025-03-27,Keonjhar_Pit_1,800,744,0.4,0.5,1.6,0
2025-03-27,Barbil_Pit_2,850,664,0.9,0.8,8.9,0
2025-03-27,Joda_Pit_3,700,580,3.2,1.0,3.5,0
2025-03-27,Garividi_Pit_1,600,545,1.9,1.1,0.9,0
2025-03-27,Vizianagaram_Pit_2,550,466,0.5,1.5,0.6,15
2025-03-27,Sandur_Pit_1,750,512,0.4,3.5,3.1,45
2025-03-27,Ballari_Pit_2,650,636,0.3,0.0,0.0,15
2025-03-28,Bharveli_Pit_1,850,824,1.2,0.8,0.0,0
2025-03-28,Ukwa_Pit_2,600,497,2.6,0.3,2.7,15
2025-03-28,Tirodi_Pit_3,750,689,0.5,0.3,1.6,30
2025-03-28,Dongri_Buzurg_Pit_4,900,834,4.0,1.2,1.0,0
2025-03-28,Mansar_Pit_5,500,362,0.5,1.1,0.7,90
2025-03-28,Kandri_Pit_6,650,539,1.7,2.7,2.6,0
2025-03-28,Keonjhar_Pit_1,800,755,2.5,1.0,1.1,0
2025-03-28,Barbil_Pit_2,850,715,4.9,0.4,4.9,15
2025-03-28,Joda_Pit_3,700,658,2.0,0.9,0.2,0
2025-03-28,Garividi_Pit_1,600,542,1.2,1.7,0.4,0
2025-03-28,Vizianagaram_Pit_2,550,426,1.0,2.9,2.0,0
2025-03-28,Sandur_Pit_1,750,653,8.3,1.2,0.5,15
2025-03-28,Ballari_Pit_2,650,499,0.2,3.7,0.3,15
2025-03-29,Bharveli_Pit_1,850,729,3.0,1.2,1.5,45
2025-03-29,Ukwa_Pit_2,600,455,0.2,0.4,0.5,90
2025-03-29,Tirodi_Pit_3,750,731,2.3,0.3,0.4,0
2025-03-29,Dongri_Buzurg_Pit_4,900,833,1.1,0.3,0.0,45
2025-03-29,Mansar_Pit_5,500,426,0.8,0.0,1.8,30
2025-03-29,Kandri_Pit_6,650,578,0.3,0.2,2.5,15
2025-03-29,Keonjhar_Pit_1,800,709,0.7,0.5,2.3,30
2025-03-29,Barbil_Pit_2,850,684,1.0,3.2,0.8,30
2025-03-29,Joda_Pit_3,700,564,4.8,0.1,4.4,30
2025-03-29,Garividi_Pit_1,600,480,3.1,0.2,2.6,45
2025-03-29,Vizianagaram_Pit_2,550,504,0.1,0.2,1.2,15
2025-03-29,Sandur_Pit_1,750,641,2.1,0.0,5.2,0
2025-03-29,Ballari_Pit_2,650,562,2.2,1.9,0.0,15
2025-03-30,Bharveli_Pit_1,850,784,1.2,0.8,0.1,15
2025-03-30,Ukwa_Pit_2,600,558,1.3,0.2,1.7,0
2025-03-30,Tirodi_Pit_3,750,633,4.1,1.0,0.3,60
2025-03-30,Dongri_Buzurg_Pit_4,900,800,2.0,0.3,2.6,30
2025-03-30,Mansar_Pit_5,500,390,7.7,0.8,1.0,30
2025-03-30,Kandri_Pit_6,650,581,1.6,0.1,0.9,45
2025-03-30,Keonjhar_Pit_1,800,784,3.9,0.1,0.2,0
2025-03-30,Barbil_Pit_2,850,778,2.0,0.5,2.5,0
2025-03-30,Joda_Pit_3,700,603,2.0,0.3,2.0,45
2025-03-30,Garividi_Pit_1,600,517,1.1,0.2,1.9,30
2025-03-30,Vizianagaram_Pit_2,550,397,0.2,0.8,2.7,60
2025-03-30,Sandur_Pit_1,750,671,1.5,0.6,3.0,0
2025-03-30,Ballari_Pit_2,650,550,1.3,0.7,3.0,30
2025-03-31,Bharveli_Pit_1,850,782,1.4,0.9,0.4,30
2025-03-31,Ukwa_Pit_2,600,580,1.3,0.4,0.2,0
2025-03-31,Tirodi_Pit_3,750,713,0.4,0.7,0.6,0
2025-03-31,Dongri_Buzurg_Pit_4,900,840,0.8,0.9,1.3,0
2025-03-31,Mansar_Pit_5,500,480,0.9,0.3,0.4,0
2025-03-31,Kandri_Pit_6,650,579,2.9,0.3,2.0,0
2025-03-31,Keonjhar_Pit_1,800,729,0.8,0.9,0.4,30
2025-03-31,Barbil_Pit_2,850,708,0.1,2.1,0.4,45
2025-03-31,Joda_Pit_3,700,619,0.8,2.6,0.2,0
2025-03-31,Garividi_Pit_1,600,515,1.4,0.1,0.3,60
2025-03-31,Vizianagaram_Pit_2,550,454,5.1,0.9,0.5,30
2025-03-31,Sandur_Pit_1,750,549,2.2,5.0,0.5,15
2025-03-31,Ballari_Pit_2,650,620,1.4,0.4,0.3,0
2025-04-01,Bharveli_Pit_1,850,767,0.9,1.6,1.2,0
2025-04-01,Ukwa_Pit_2,600,518,2.0,1.8,1.0,0
2025-04-01,Tirodi_Pit_3,750,659,0.2,2.3,2.4,0
2025-04-01,Dongri_Buzurg_Pit_4,900,721,2.0,3.2,1.4,15
2025-04-01,Mansar_Pit_5,500,482,0.1,0.1,0.3,0
2025-04-01,Kandri_Pit_6,650,570,0.3,2.0,0.3,0
2025-04-01,Keonjhar_Pit_1,800,771,0.6,0.5,0.5,0
2025-04-01,Barbil_Pit_2,850,824,0.1,0.2,0.1,15
2025-04-01,Joda_Pit_3,700,610,0.1,2.0,1.1,15
2025-04-01,Garividi_Pit_1,600,558,0.4,0.4,1.4,0
2025-04-01,Vizianagaram_Pit_2,550,395,0.2,3.9,0.0,30
2025-04-01,Sandur_Pit_1,750,681,0.3,0.2,1.9,15
2025-04-01,Ballari_Pit_2,650,502,3.1,3.0,1.9,0
2025-04-02,Bharveli_Pit_1,850,815,0.5,0.1,1.9,0
2025-04-02,Ukwa_Pit_2,600,475,5.1,1.2,0.2,60
2025-04-02,Tirodi_Pit_3,750,735,1.0,0.1,1.1,0
2025-04-02,Dongri_Buzurg_Pit_4,900,805,1.0,0.5,2.4,30
2025-04-02,Mansar_Pit_5,500,418,0.9,0.2,2.6,30
2025-04-02,Kandri_Pit_6,650,616,0.4,0.5,0.2,15
2025-04-02,Keonjhar_Pit_1,800,670,1.7,2.7,1.3,0
2025-04-02,Barbil_Pit_2,850,717,1.0,2.0,1.7,15
2025-04-02,Joda_Pit_3,700,613,2.8,1.0,0.3,30
2025-04-02,Garividi_Pit_1,600,558,2.5,0.1,1.0,0
2025-04-02,Vizianagaram_Pit_2,550,474,1.9,1.2,2.9,0
2025-04-02,Sandur_Pit_1,750,604,0.3,2.1,0.3,60
2025-04-02,Ballari_Pit_2,650,575,8.0,0.1,0.6,15
2025-04-03,Bharveli_Pit_1,850,716,0.9,2.9,0.1,15
2025-04-03,Ukwa_Pit_2,600,517,0.6,0.5,3.0,0
2025-04-03,Tirodi_Pit_3,750,627,3.5,0.9,2.3,30
2025-04-03,Dongri_Buzurg_Pit_4,900,782,4.0,0.6,5.4,0
2025-04-03,Mansar_Pit_5,500,403,0.3,0.5,4.8,0
2025-04-03,Kandri_Pit_6,650,586,2.6,0.4,2.4,0
2025-04-03,Keonjhar_Pit_1,800,741,1.3,1.7,0.8,0
2025-04-03,Barbil_Pit_2,850,770,1.5,1.8,0.7,15
2025-04-03,Joda_Pit_3,700,595,2.2,0.3,0.5,60
2025-04-03,Garividi_Pit_1,600,531,2.1,0.0,1.5,15
2025-04-03,Vizianagaram_Pit_2,550,527,1.6,0.5,0.1,0
2025-04-03,Sandur_Pit_1,750,698,1.3,0.1,0.1,30
2025-04-03,Ballari_Pit_2,650,580,1.5,0.8,0.4,30
2025-04-04,Bharveli_Pit_1,850,810,1.2,0.4,0.5,15
2025-04-04,Ukwa_Pit_2,600,499,2.1,1.9,0.9,0
2025-04-04,Tirodi_Pit_3,750,697,0.0,0.8,0.1,15
2025-04-04,Dongri_Buzurg_Pit_4,900,736,5.1,3.8,1.2,0
2025-04-04,Mansar_Pit_5,500,466,0.1,0.7,0.4,0
2025-04-04,Kandri_Pit_6,650,588,1.2,1.0,0.7,0
2025-04-04,Keonjhar_Pit_1,800,642,2.2,0.5,4.4,45
2025-04-04,Barbil_Pit_2,850,765,0.5,0.0,2.2,30
2025-04-04,Joda_Pit_3,700,630,0.1,0.3,1.0,15
2025-04-04,Garividi_Pit_1,600,521,1.6,1.5,0.5,15
2025-04-04,Vizianagaram_Pit_2,550,371,2.8,1.3,7.5,0
2025-04-04,Sandur_Pit_1,750,654,1.4,0.4,0.9,45
2025-04-04,Ballari_Pit_2,650,515,0.5,2.3,0.1,45
2025-04-05,Bharveli_Pit_1,850,744,0.8,0.4,1.1,60
2025-04-05,Ukwa_Pit_2,600,563,3.9,0.6,0.4,0
2025-04-05,Tirodi_Pit_3,750,601,1.0,2.7,2.3,15
2025-04-05,Dongri_Buzurg_Pit_4,900,871,0.1,0.3,0.9,0
2025-04-05,Mansar_Pit_5,500,397,5.9,1.6,0.5,15
2025-04-05,Kandri_Pit_6,650,546,4.3,0.8,2.4,15
2025-04-05,Keonjhar_Pit_1,800,760,1.6,0.1,0.2,15
2025-04-05,Barbil_Pit_2,850,758,6.9,0.7,0.1,15
2025-04-05,Joda_Pit_3,700,482,3.7,6.3,0.9,0
2025-04-05,Garividi_Pit_1,600,540,0.1,0.5,0.5,15
2025-04-05,Vizianagaram_Pit_2,550,477,5.9,0.3,2.7,0
2025-04-05,Sandur_Pit_1,750,611,5.4,1.6,1.7,30
2025-04-05,Ballari_Pit_2,650,441,2.1,3.8,2.0,45
2025-04-06,Bharveli_Pit_1,850,815,1.5,0.1,1.4,0
2025-04-06,Ukwa_Pit_2,600,589,1.9,0.0,0.3,0
2025-04-06,Tirodi_Pit_3,750,669,1.1,1.4,1.5,0
2025-04-06,Dongri_Buzurg_Pit_4,900,792,1.1,0.3,5.4,0
2025-04-06,Mansar_Pit_5,500,437,0.5,1.7,0.4,0
2025-04-06,Kandri_Pit_6,650,606,1.3,0.0,0.1,30
2025-04-06,Keonjhar_Pit_1,800,705,3.9,1.3,0.1,30
2025-04-06,Barbil_Pit_2,850,754,3.7,1.8,1.1,0
2025-04-06,Joda_Pit_3,700,649,7.9,0.2,0.4,0
2025-04-06,Garividi_Pit_1,600,462,3.1,0.2,0.1,90
2025-04-06,Vizianagaram_Pit_2,550,389,1.6,2.6,4.2,0
2025-04-06,Sandur_Pit_1,750,630,0.2,0.3,1.8,45
2025-04-06,Ballari_Pit_2,650,500,0.4,1.8,5.5,0
2025-04-07,Bharveli_Pit_1,850,802,1.4,0.1,1.3,15
2025-04-07,Ukwa_Pit_2,600,557,0.8,0.8,1.4,0
2025-04-07,Tirodi_Pit_3,750,689,2.9,1.4,0.7,0
2025-04-07,Dongri_Buzurg_Pit_4,900,876,0.4,0.9,0.3,0
2025-04-07,Mansar_Pit_5,500,449,2.4,0.9,0.8,0
2025-04-07,Kandri_Pit_6,650,538,0.2,2.3,0.1,30
2025-04-07,Keonjhar_Pit_1,800,744,5.1,0.3,0.7,15
2025-04-07,Barbil_Pit_2,850,802,2.2,0.6,1.0,0
2025-04-07,Joda_Pit_3,700,616,0.4,1.7,1.0,0
2025-04-07,Garividi_Pit_1,600,580,2.8,0.3,0.2,0
2025-04-07,Vizianagaram_Pit_2,550,447,5.1,1.0,1.2,15
2025-04-07,Sandur_Pit_1,750,725,1.5,0.1,0.2,15
2025-04-07,Ballari_Pit_2,650,518,5.5,0.4,3.3,30
2025-04-08,Bharveli_Pit_1,850,782,0.4,0.5,1.1,30
2025-04-08,Ukwa_Pit_2,600,547,0.2,0.6,1.1,15
2025-04-08,Tirodi_Pit_3,750,650,3.3,1.3,1.3,15
2025-04-08,Dongri_Buzurg_Pit_4,900,853,1.1,0.2,1.8,15
2025-04-08,Mansar_Pit_5,500,436,4.7,1.0,0.1,0
2025-04-08,Kandri_Pit_6,650,517,2.8,1.7,1.1,45
2025-04-08,Keonjhar_Pit_1,800,630,4.6,2.5,1.9,45
2025-04-08,Barbil_Pit_2,850,773,0.2,2.2,0.6,0
2025-04-08,Joda_Pit_3,700,696,0.6,0.4,0.2,0
2025-04-08,Garividi_Pit_1,600,523,1.7,0.6,0.7,30
2025-04-08,Vizianagaram_Pit_2,550,489,0.8,1.5,0.3,0
2025-04-08,Sandur_Pit_1,750,694,0.8,1.8,0.5,0
2025-04-08,Ballari_Pit_2,650,580,1.6,0.8,1.7,0
2025-04-09,Bharveli_Pit_1,850,803,4.0,0.4,1.9,0
2025-04-09,Ukwa_Pit_2,600,558,1.6,0.1,2.5,0
2025-04-09,Tirodi_Pit_3,750,636,2.3,1.8,1.3,30
2025-04-09,Dongri_Buzurg_Pit_4,900,800,3.3,0.4,1.4,30
2025-04-09,Mansar_Pit_5,500,429,1.0,0.4,1.0,30
2025-04-09,Kandri_Pit_6,650,547,2.2,2.6,0.2,0
2025-04-09,Keonjhar_Pit_1,800,675,2.5,1.9,3.1,0
2025-04-09,Barbil_Pit_2,850,801,0.5,0.4,2.4,0
2025-04-09,Joda_Pit_3,700,647,3.5,0.6,1.5,0
2025-04-09,Garividi_Pit_1,600,502,6.5,1.8,1.0,0
2025-04-09,Vizianagaram_Pit_2,550,479,5.4,0.5,0.3,15
2025-04-09,Sandur_Pit_1,750,528,1.3,5.7,1.8,0
2025-04-09,Ballari_Pit_2,650,572,9.9,0.6,0.5,15
2025-04-10,Bharveli_Pit_1,850,760,0.0,0.7,2.9,15
2025-04-10,Ukwa_Pit_2,600,529,14.3,0.4,0.5,0
2025-04-10,Tirodi_Pit_3,750,557,3.1,2.6,5.9,0
2025-04-10,Dongri_Buzurg_Pit_4,900,824,4.3,0.4,0.2,45
2025-04-10,Mansar_Pit_5,500,441,1.1,0.4,2.1,0
2025-04-10,Kandri_Pit_6,650,620,9.1,0.1,0.7,0
2025-04-10,Keonjhar_Pit_1,800,599,2.6,2.3,4.5,30
2025-04-10,Barbil_Pit_2,850,773,3.8,0.9,2.8,0
2025-04-10,Joda_Pit_3,700,598,1.3,0.4,5.2,0
2025-04-10,Garividi_Pit_1,600,574,0.2,0.8,0.1,0
2025-04-10,Vizianagaram_Pit_2,550,464,1.1,1.8,2.2,0
2025-04-10,Sandur_Pit_1,750,702,0.8,0.4,2.4,0
2025-04-10,Ballari_Pit_2,650,461,0.5,3.0,3.1,30
2025-04-11,Bharveli_Pit_1,850,635,1.3,0.8,5.9,60
2025-04-11,Ukwa_Pit_2,600,562,0.4,0.3,1.8,0
2025-04-11,Tirodi_Pit_3,750,639,5.4,0.1,1.1,45
2025-04-11,Dongri_Buzurg_Pit_4,900,722,0.3,3.8,3.9,0
2025-04-11,Mansar_Pit_5,500,441,0.3,0.1,3.8,0
2025-04-11,Kandri_Pit_6,650,583,1.8,0.1,0.4,60
2025-04-11,Keonjhar_Pit_1,800,741,4.8,1.7,0.0,0
2025-04-11,Barbil_Pit_2,850,733,4.8,1.1,0.1,45
2025-04-11,Joda_Pit_3,700,663,6.3,0.1,1.2,0
2025-04-11,Garividi_Pit_1,600,466,1.7,3.5,1.1,0
2025-04-11,Vizianagaram_Pit_2,550,476,1.9,0.5,3.1,0
2025-04-11,Sandur_Pit_1,750,693,2.9,0.3,2.3,0
2025-04-11,Ballari_Pit_2,650,475,0.8,0.7,4.6,60
2025-04-12,Bharveli_Pit_1,850,763,0.3,0.8,1.0,45
2025-04-12,Ukwa_Pit_2,600,498,5.3,0.5,1.1,45
2025-04-12,Tirodi_Pit_3,750,740,0.5,0.2,0.1,15
2025-04-12,Dongri_Buzurg_Pit_4,900,852,0.6,0.1,0.4,30
2025-04-12,Mansar_Pit_5,500,342,1.1,4.2,0.4,0
2025-04-12,Kandri_Pit_6,650,586,0.7,0.2,0.8,45
2025-04-12,Keonjhar_Pit_1,800,733,5.4,0.1,0.4,15
2025-04-12,Barbil_Pit_2,850,801,1.9,0.0,0.8,15
2025-04-12,Joda_Pit_3,700,664,0.8,0.1,0.9,0
2025-04-12,Garividi_Pit_1,600,528,5.9,0.7,0.6,30
2025-04-12,Vizianagaram_Pit_2,550,435,3.3,2.2,1.8,0
2025-04-12,Sandur_Pit_1,750,690,1.7,1.6,0.2,0
2025-04-12,Ballari_Pit_2,650,580,1.2,0.0,2.7,0
2025-04-13,Bharveli_Pit_1,850,723,1.6,1.2,1.9,60
2025-04-13,Ukwa_Pit_2,600,523,6.1,1.1,0.6,0
2025-04-13,Tirodi_Pit_3,750,685,3.7,0.5,1.7,0
2025-04-13,Dongri_Buzurg_Pit_4,900,870,0.1,0.6,1.3,0
2025-04-13,Mansar_Pit_5,500,384,2.8,1.9,2.4,0
2025-04-13,Kandri_Pit_6,650,525,5.5,2.0,3.0,0
2025-04-13,Keonjhar_Pit_1,800,770,1.1,0.7,0.3,0
2025-04-13,Barbil_Pit_2,850,713,5.3,1.0,1.8,45
2025-04-13,Joda_Pit_3,700,655,0.8,1.1,0.1,0
2025-04-13,Garividi_Pit_1,600,553,0.9,0.5,1.2,0
2025-04-13,Vizianagaram_Pit_2,550,502,0.6,0.3,0.5,30
2025-04-13,Sandur_Pit_1,750,673,1.4,2.2,0.4,0
2025-04-13,Ballari_Pit_2,650,541,0.9,1.5,1.3,30
2025-04-14,Bharveli_Pit_1,850,663,0.1,4.6,0.8,0
2025-04-14,Ukwa_Pit_2,600,523,2.2,0.4,1.4,15
2025-04-14,Tirodi_Pit_3,750,688,0.6,0.7,1.2,15
2025-04-14,Dongri_Buzurg_Pit_4,900,840,3.1,0.6,1.7,0
2025-04-14,Mansar_Pit_5,500,477,2.6,0.0,0.4,0
2025-04-14,Kandri_Pit_6,650,541,4.2,0.8,4.3,0
2025-04-14,Keonjhar_Pit_1,800,658,3.2,0.3,3.7,45
2025-04-14,Barbil_Pit_2,850,732,5.7,0.8,1.8,30
2025-04-14,Joda_Pit_3,700,679,0.1,0.8,0.3,0
2025-04-14,Garividi_Pit_1,600,562,0.9,0.6,1.6,0
2025-04-14,Vizianagaram_Pit_2,550,449,1.7,1.1,1.3,30
2025-04-14,Sandur_Pit_1,750,668,0.8,1.6,0.9,0
2025-04-14,Ballari_Pit_2,650,571,0.7,0.1,0.2,45
2025-04-15,Bharveli_Pit_1,850,803,2.3,0.1,0.7,15
2025-04-15,Ukwa_Pit_2,600,487,0.0,0.2,5.1,15
2025-04-15,Tirodi_Pit_3,750,747,0.6,0.1,0.0,0
2025-04-15,Dongri_Buzurg_Pit_4,900,777,2.5,2.8,0.8,0
2025-04-15,Mansar_Pit_5,500,358,1.5,2.6,2.6,0
2025-04-15,Kandri_Pit_6,650,535,4.8,0.1,1.2,45
2025-04-15,Keonjhar_Pit_1,800,768,1.1,0.7,0.1,0
2025-04-15,Barbil_Pit_2,850,794,0.7,0.7,1.8,0
2025-04-15,Joda_Pit_3,700,580,1.3,1.5,3.2,15
2025-04-15,Garividi_Pit_1,600,525,5.8,0.2,2.4,0
2025-04-15,Vizianagaram_Pit_2,550,424,5.4,1.4,2.2,0
2025-04-15,Sandur_Pit_1,750,598,2.9,0.1,5.2,45
2025-04-15,Ballari_Pit_2,650,558,0.6,1.9,1.2,0
2025-04-16,Bharveli_Pit_1,850,792,2.6,0.6,1.6,15
2025-04-16,Ukwa_Pit_2,600,540,2.5,0.1,3.1,0
2025-04-16,Tirodi_Pit_3,750,626,1.3,2.4,0.8,30
2025-04-16,Dongri_Buzurg_Pit_4,900,702,0.2,0.7,7.7,30
2025-04-16,Mansar_Pit_5,500,414,0.5,0.6,2.4,30
2025-04-16,Kandri_Pit_6,650,508,0.5,2.8,1.4,0
2025-04-16,Keonjhar_Pit_1,800,751,1.6,0.7,1.1,0
2025-04-16,Barbil_Pit_2,850,778,3.4,0.9,0.2,30
2025-04-16,Joda_Pit_3,700,617,1.5,0.1,4.3,0
2025-04-16,Garividi_Pit_1,600,541,0.6,0.6,0.8,30
2025-04-16,Vizianagaram_Pit_2,550,500,0.6,0.8,0.3,15
2025-04-16,Sandur_Pit_1,750,570,1.7,1.4,4.4,45
2025-04-16,Ballari_Pit_2,650,460,4.5,3.9,3.1,0
2025-04-17,Bharveli_Pit_1,850,808,5.9,0.6,0.0,0
2025-04-17,Ukwa_Pit_2,600,500,0.8,0.7,1.5,45
2025-04-17,Tirodi_Pit_3,750,619,2.2,0.6,2.7,45
2025-04-17,Dongri_Buzurg_Pit_4,900,818,0.7,0.1,1.8,45
2025-04-17,Mansar_Pit_5,500,327,0.4,1.8,3.1,45
2025-04-17,Kandri_Pit_6,650,619,0.8,0.9,0.1,0
2025-04-17,Keonjhar_Pit_1,800,767,2.5,0.6,0.5,0
2025-04-17,Barbil_Pit_2,850,758,1.3,0.5,0.6,60
2025-04-17,Joda_Pit_3,700,628,2.1,0.0,0.9,45
2025-04-17,Garividi_Pit_1,600,535,2.8,1.0,1.4,0
2025-04-17,Vizianagaram_Pit_2,550,506,0.3,1.1,0.4,15
2025-04-17,Sandur_Pit_1,750,622,5.9,2.0,2.1,0
2025-04-17,Ballari_Pit_2,650,550,0.2,0.7,0.3,60
2025-04-18,Bharveli_Pit_1,850,820,0.9,1.1,0.2,0
2025-04-18,Ukwa_Pit_2,600,470,0.6,2.4,0.1,45
2025-04-18,Tirodi_Pit_3,750,613,3.1,0.0,5.5,15
2025-04-18,Dongri_Buzurg_Pit_4,900,770,0.7,0.5,0.1,90
2025-04-18,Mansar_Pit_5,500,366,1.2,3.3,0.5,15
2025-04-18,Kandri_Pit_6,650,595,1.3,1.3,0.1,0
2025-04-18,Keonjhar_Pit_1,800,717,0.4,0.9,0.4,45
2025-04-18,Barbil_Pit_2,850,786,5.7,0.8,0.7,0
2025-04-18,Joda_Pit_3,700,604,5.8,0.6,1.9,0
2025-04-18,Garividi_Pit_1,600,564,1.4,0.3,1.0,0
2025-04-18,Vizianagaram_Pit_2,550,508,0.8,0.0,1.1,15
2025-04-18,Sandur_Pit_1,750,502,0.4,1.6,6.7,60
2025-04-18,Ballari_Pit_2,650,563,2.4,0.7,1.2,30
2025-04-19,Bharveli_Pit_1,850,780,1.3,0.5,1.1,15
2025-04-19,Ukwa_Pit_2,600,549,0.2,1.0,0.2,0
2025-04-19,Tirodi_Pit_3,750,712,1.5,0.6,1.4,0
2025-04-19,Dongri_Buzurg_Pit_4,900,807,8.7,0.9,1.9,0
2025-04-19,Mansar_Pit_5,500,360,0.2,4.1,0.5,0
2025-04-19,Kandri_Pit_6,650,603,3.3,0.8,0.5,0
2025-04-19,Keonjhar_Pit_1,800,682,0.4,2.5,1.9,0
2025-04-19,Barbil_Pit_2,850,816,1.7,0.6,0.7,0
2025-04-19,Joda_Pit_3,700,558,2.2,3.9,0.3,15
2025-04-19,Garividi_Pit_1,600,520,0.6,1.9,1.1,15
2025-04-19,Vizianagaram_Pit_2,550,497,0.7,0.2,0.1,30
2025-04-19,Sandur_Pit_1,750,719,1.0,0.6,1.0,0
2025-04-19,Ballari_Pit_2,650,591,0.2,0.4,1.7,15
2025-04-20,Bharveli_Pit_1,850,803,0.4,0.3,0.0,45
2025-04-20,Ukwa_Pit_2,600,586,0.5,0.3,0.5,0
2025-04-20,Tirodi_Pit_3,750,663,0.3,1.1,0.7,30
2025-04-20,Dongri_Buzurg_Pit_4,900,878,1.6,0.3,1.7,0
2025-04-20,Mansar_Pit_5,500,284,0.6,1.0,3.3,90
2025-04-20,Kandri_Pit_6,650,639,1.9,0.6,0.4,0
2025-04-20,Keonjhar_Pit_1,800,756,4.9,0.5,0.7,0
2025-04-20,Barbil_Pit_2,850,771,3.6,1.2,1.5,0
2025-04-20,Joda_Pit_3,700,627,1.0,0.8,1.8,0
2025-04-20,Garividi_Pit_1,600,551,4.1,0.7,0.7,0
2025-04-20,Vizianagaram_Pit_2,550,449,1.0,1.2,0.9,60
2025-04-20,Sandur_Pit_1,750,674,1.8,1.8,0.2,0
2025-04-20,Ballari_Pit_2,650,595,3.9,0.1,0.1,45
2025-04-21,Bharveli_Pit_1,850,744,0.5,1.2,1.3,30
2025-04-21,Ukwa_Pit_2,600,483,1.1,0.4,1.5,60
2025-04-21,Tirodi_Pit_3,750,536,3.6,5.9,0.0,0
2025-04-21,Dongri_Buzurg_Pit_4,900,839,0.7,0.3,2.5,0
2025-04-21,Mansar_Pit_5,500,399,0.9,0.8,1.3,30
2025-04-21,Kandri_Pit_6,650,601,1.8,0.9,1.6,0
2025-04-21,Keonjhar_Pit_1,800,766,0.2,0.1,0.4,15
2025-04-21,Barbil_Pit_2,850,799,3.1,0.5,0.8,0
2025-04-21,Joda_Pit_3,700,569,0.4,0.1,1.4,90
2025-04-21,Garividi_Pit_1,600,452,3.5,1.3,4.7,0
2025-04-21,Vizianagaram_Pit_2,550,490,2.2,0.7,1.6,0
2025-04-21,Sandur_Pit_1,750,645,1.5,1.8,2.1,15
2025-04-21,Ballari_Pit_2,650,524,0.2,1.4,1.1,45
2025-04-22,Bharveli_Pit_1,850,822,0.3,1.5,0.0,0
2025-04-22,Ukwa_Pit_2,600,451,1.7,1.4,4.0,30
2025-04-22,Tirodi_Pit_3,750,691,0.0,0.1,1.2,15
2025-04-22,Dongri_Buzurg_Pit_4,900,825,1.1,1.4,1.2,0
2025-04-22,Mansar_Pit_5,500,302,2.6,2.5,0.2,90
2025-04-22,Kandri_Pit_6,650,487,0.5,0.0,9.5,0
2025-04-22,Keonjhar_Pit_1,800,676,1.7,2.6,0.6,15
2025-04-22,Barbil_Pit_2,850,810,0.4,1.1,0.7,0
2025-04-22,Joda_Pit_3,700,660,4.6,0.6,0.5,0
2025-04-22,Garividi_Pit_1,600,444,0.8,1.5,5.7,0
2025-04-22,Vizianagaram_Pit_2,550,457,0.3,1.3,1.2,15
2025-04-22,Sandur_Pit_1,750,587,4.4,0.6,3.7,30
2025-04-22,Ballari_Pit_2,650,473,0.8,4.5,1.8,0
2025-04-23,Bharveli_Pit_1,850,830,0.8,1.1,0.1,0
2025-04-23,Ukwa_Pit_2,600,568,1.2,0.3,0.3,15
2025-04-23,Tirodi_Pit_3,750,701,1.4,0.2,0.6,15
2025-04-23,Dongri_Buzurg_Pit_4,900,808,2.5,1.2,1.0,15
2025-04-23,Mansar_Pit_5,500,417,0.1,1.1,2.4,15
2025-04-23,Kandri_Pit_6,650,550,2.1,1.3,3.3,0
2025-04-23,Keonjhar_Pit_1,800,655,2.9,0.9,3.4,15
2025-04-23,Barbil_Pit_2,850,713,2.8,3.7,0.1,0
2025-04-23,Joda_Pit_3,700,625,5.5,0.8,1.5,0
2025-04-23,Garividi_Pit_1,600,532,2.8,0.4,0.6,30
2025-04-23,Vizianagaram_Pit_2,550,447,0.2,2.3,0.5,15
2025-04-23,Sandur_Pit_1,750,687,1.1,1.3,0.7,0
2025-04-23,Ballari_Pit_2,650,513,11.4,1.5,1.7,0
2025-04-24,Bharveli_Pit_1,850,775,1.5,2.0,0.1,0
2025-04-24,Ukwa_Pit_2,600,499,0.5,0.7,0.1,60
2025-04-24,Tirodi_Pit_3,750,616,1.6,2.9,0.0,30
2025-04-24,Dongri_Buzurg_Pit_4,900,871,4.7,0.2,0.2,0
2025-04-24,Mansar_Pit_5,500,445,1.5,0.2,0.0,30
2025-04-24,Kandri_Pit_6,650,550,0.2,1.1,3.9,0
2025-04-24,Keonjhar_Pit_1,800,746,1.9,0.2,2.1,0
2025-04-24,Barbil_Pit_2,850,762,1.2,1.0,0.3,30
2025-04-24,Joda_Pit_3,700,666,0.3,1.3,0.2,0
2025-04-24,Garividi_Pit_1,600,488,0.6,1.5,0.5,45
2025-04-24,Vizianagaram_Pit_2,550,488,1.9,0.1,0.8,30
2025-04-24,Sandur_Pit_1,750,694,2.2,1.1,0.5,0
2025-04-24,Ballari_Pit_2,650,596,1.4,1.4,0.5,0
2025-04-25,Bharveli_Pit_1,850,798,0.8,0.0,0.7,30
2025-04-25,Ukwa_Pit_2,600,525,1.2,0.0,3.4,0
2025-04-25,Tirodi_Pit_3,750,638,5.8,0.7,0.7,45
2025-04-25,Dongri_Buzurg_Pit_4,900,854,1.6,0.3,0.9,15
2025-04-25,Mansar_Pit_5,500,419,2.6,0.0,4.4,0
2025-04-25,Kandri_Pit_6,650,531,0.1,0.1,6.9,0
2025-04-25,Keonjhar_Pit_1,800,708,0.2,0.1,2.0,45
2025-04-25,Barbil_Pit_2,850,751,0.5,0.8,0.5,60
2025-04-25,Joda_Pit_3,700,625,4.7,0.9,0.7,0
2025-04-25,Garividi_Pit_1,600,452,1.2,2.1,4.6,0
2025-04-25,Vizianagaram_Pit_2,550,530,1.6,0.1,0.4,0
2025-04-25,Sandur_Pit_1,750,684,0.3,0.7,1.5,15
2025-04-25,Ballari_Pit_2,650,553,1.0,2.2,1.3,0
2025-04-26,Bharveli_Pit_1,850,760,3.4,1.0,2.9,0
2025-04-26,Ukwa_Pit_2,600,577,0.3,0.0,0.6,15
2025-04-26,Tirodi_Pit_3,750,702,1.4,0.6,0.8,0
2025-04-26,Dongri_Buzurg_Pit_4,900,896,0.3,0.2,0.1,0
2025-04-26,Mansar_Pit_5,500,455,0.9,0.0,2.9,0
2025-04-26,Kandri_Pit_6,650,524,5.6,2.4,1.2,15
2025-04-26,Keonjhar_Pit_1,800,771,2.1,0.1,0.1,0
2025-04-26,Barbil_Pit_2,850,732,1.6,2.4,0.2,30
2025-04-26,Joda_Pit_3,700,667,0.8,0.6,0.3,15
2025-04-26,Garividi_Pit_1,600,514,3.2,0.6,1.1,30
2025-04-26,Vizianagaram_Pit_2,550,427,0.6,2.4,1.4,0
2025-04-26,Sandur_Pit_1,750,577,0.6,1.8,0.1,90
2025-04-26,Ballari_Pit_2,650,566,1.0,0.7,3.4,0
2025-04-27,Bharveli_Pit_1,850,849,1.5,0.1,0.0,0
2025-04-27,Ukwa_Pit_2,600,510,0.2,0.6,1.7,30
2025-04-27,Tirodi_Pit_3,750,670,0.4,0.1,4.5,0
2025-04-27,Dongri_Buzurg_Pit_4,900,804,3.4,1.6,1.5,0
2025-04-27,Mansar_Pit_5,500,461,0.6,0.1,1.1,15
2025-04-27,Kandri_Pit_6,650,567,0.9,1.1,3.7,0
2025-04-27,Keonjhar_Pit_1,800,727,1.0,0.2,1.6,30
2025-04-27,Barbil_Pit_2,850,794,6.0,0.1,1.5,0
2025-04-27,Joda_Pit_3,700,593,4.5,0.8,1.8,30
2025-04-27,Garividi_Pit_1,600,542,0.3,0.7,1.5,0
2025-04-27,Vizianagaram_Pit_2,550,490,0.6,0.0,0.9,45
2025-04-27,Sandur_Pit_1,750,605,5.1,1.6,2.1,30
2025-04-27,Ballari_Pit_2,650,590,0.4,0.3,1.9,0
2025-04-28,Bharveli_Pit_1,850,738,3.1,0.7,2.5,30
2025-04-28,Ukwa_Pit_2,600,577,2.1,0.3,0.5,0
2025-04-28,Tirodi_Pit_3,750,663,0.5,0.7,3.8,0
2025-04-28,Dongri_Buzurg_Pit_4,900,811,2.5,1.3,0.2,45
2025-04-28,Mansar_Pit_5,500,436,2.8,0.3,1.9,0
2025-04-28,Kandri_Pit_6,650,574,3.7,0.7,1.6,0
2025-04-28,Keonjhar_Pit_1,800,681,1.3,1.1,1.0,45
2025-04-28,Barbil_Pit_2,850,739,1.4,2.0,2.6,0
2025-04-28,Joda_Pit_3,700,634,3.5,0.3,1.2,30
2025-04-28,Garividi_Pit_1,600,554,0.9,1.1,0.5,0
2025-04-28,Vizianagaram_Pit_2,550,395,0.6,2.1,0.7,60
2025-04-28,Sandur_Pit_1,750,682,7.8,0.3,0.1,30
2025-04-28,Ballari_Pit_2,650,582,2.5,0.0,3.3,0
2025-04-29,Bharveli_Pit_1,850,735,0.3,0.2,5.2,15
2025-04-29,Ukwa_Pit_2,600,539,0.8,0.3,1.0,15
2025-04-29,Tirodi_Pit_3,750,667,2.0,0.3,4.8,0
2025-04-29,Dongri_Buzurg_Pit_4,900,853,1.2,0.9,0.9,0
2025-04-29,Mansar_Pit_5,500,382,2.6,1.3,2.9,0
2025-04-29,Kandri_Pit_6,650,596,0.9,0.7,0.6,0
2025-04-29,Keonjhar_Pit_1,800,746,0.5,0.1,1.8,15
2025-04-29,Barbil_Pit_2,850,625,1.8,4.1,1.2,45
2025-04-29,Joda_Pit_3,700,664,0.2,0.2,0.9,15
2025-04-29,Garividi_Pit_1,600,550,3.2,1.0,0.4,0
2025-04-29,Vizianagaram_Pit_2,550,485,2.7,1.6,1.1,0
2025-04-29,Sandur_Pit_1,750,714,2.6,0.3,0.3,15
2025-04-29,Ballari_Pit_2,650,594,0.7,1.1,0.2,15
2025-04-30,Bharveli_Pit_1,850,699,3.0,1.0,5.7,0
2025-04-30,Ukwa_Pit_2,600,520,2.3,0.1,0.8,60
2025-04-30,Tirodi_Pit_3,750,673,0.3,1.3,1.7,0
2025-04-30,Dongri_Buzurg_Pit_4,900,824,6.0,0.0,0.6,45
2025-04-30,Mansar_Pit_5,500,366,1.5,1.9,0.2,60
2025-04-30,Kandri_Pit_6,650,582,3.2,0.2,2.0,0
2025-04-30,Keonjhar_Pit_1,800,760,6.6,0.1,0.9,0
2025-04-30,Barbil_Pit_2,850,824,0.9,0.5,0.1,15
2025-04-30,Joda_Pit_3,700,612,3.4,1.8,1.1,0
2025-04-30,Garividi_Pit_1,600,544,2.0,0.4,0.4,30
2025-04-30,Vizianagaram_Pit_2,550,435,0.6,3.0,1.2,0
2025-04-30,Sandur_Pit_1,750,718,4.1,0.6,0.7,0
2025-04-30,Ballari_Pit_2,650,613,2.3,0.4,1.4,0
2025-05-01,Bharveli_Pit_1,850,762,0.4,0.6,4.4,0
2025-05-01,Ukwa_Pit_2,600,577,0.3,0.1,0.6,0
2025-05-01,Tirodi_Pit_3,750,678,0.4,1.6,0.0,15
2025-05-01,Dongri_Buzurg_Pit_4,900,858,1.7,0.4,0.6,30
2025-05-01,Mansar_Pit_5,500,413,4.1,0.2,0.2,45
2025-05-01,Kandri_Pit_6,650,620,0.9,0.1,1.4,15
2025-05-01,Keonjhar_Pit_1,800,710,0.5,0.7,2.6,15
2025-05-01,Barbil_Pit_2,850,767,2.4,1.7,1.6,0
2025-05-01,Joda_Pit_3,700,640,2.5,1.2,0.0,0
2025-05-01,Garividi_Pit_1,600,472,0.5,1.0,3.9,30
2025-05-01,Vizianagaram_Pit_2,550,368,5.1,4.2,0.0,15
2025-05-01,Sandur_Pit_1,750,547,0.6,4.4,1.5,30
2025-05-01,Ballari_Pit_2,650,614,0.2,0.2,2.3,0
2025-05-02,Bharveli_Pit_1,850,774,1.9,1.3,0.7,0
2025-05-02,Ukwa_Pit_2,600,537,0.1,1.0,1.2,30
2025-05-02,Tirodi_Pit_3,750,658,1.0,0.0,0.7,60
2025-05-02,Dongri_Buzurg_Pit_4,900,814,4.1,0.4,1.4,30
2025-05-02,Mansar_Pit_5,500,355,0.2,0.8,5.6,15
2025-05-02,Kandri_Pit_6,650,549,0.1,0.2,2.4,30
2025-05-02,Keonjhar_Pit_1,800,681,0.1,1.9,2.5,0
2025-05-02,Barbil_Pit_2,850,834,2.5,0.3,0.1,0
2025-05-02,Joda_Pit_3,700,662,1.1,0.8,1.0,0
2025-05-02,Garividi_Pit_1,600,549,0.1,1.0,0.8,0
2025-05-02,Vizianagaram_Pit_2,550,482,3.9,0.8,0.2,15
2025-05-02,Sandur_Pit_1,750,692,0.5,0.6,0.1,30
2025-05-02,Ballari_Pit_2,650,547,2.7,1.1,2.6,0
2025-05-03,Bharveli_Pit_1,850,720,3.1,0.7,4.5,0
2025-05-03,Ukwa_Pit_2,600,555,3.4,0.9,0.3,0
2025-05-03,Tirodi_Pit_3,750,606,6.9,1.5,2.7,0
2025-05-03,Dongri_Buzurg_Pit_4,900,814,3.5,0.1,3.1,15
2025-05-03,Mansar_Pit_5,500,462,0.4,0.4,0.5,15
2025-05-03,Kandri_Pit_6,650,566,0.5,0.7,1.2,30
2025-05-03,Keonjhar_Pit_1,800,716,1.2,1.7,1.5,0
2025-05-03,Barbil_Pit_2,850,785,1.0,1.5,1.4,0
2025-05-03,Joda_Pit_3,700,677,0.4,0.3,1.4,0
2025-05-03,Garividi_Pit_1,600,515,2.2,2.1,0.5,0
2025-05-03,Vizianagaram_Pit_2,550,492,7.4,0.4,1.4,0
2025-05-03,Sandur_Pit_1,750,598,6.4,1.4,2.5,30
2025-05-03,Ballari_Pit_2,650,485,1.8,0.7,3.1,60
2025-05-04,Bharveli_Pit_1,850,796,1.8,0.9,1.0,0
2025-05-04,Ukwa_Pit_2,600,567,0.0,0.3,1.1,0
2025-05-04,Tirodi_Pit_3,750,721,0.9,0.7,0.2,0
2025-05-04,Dongri_Buzurg_Pit_4,900,834,3.0,0.9,2.3,0
2025-05-04,Mansar_Pit_5,500,490,0.5,0.0,0.2,0
2025-05-04,Kandri_Pit_6,650,484,0.2,4.7,0.6,0
2025-05-04,Keonjhar_Pit_1,800,649,0.1,2.2,5.2,0
2025-05-04,Barbil_Pit_2,850,825,1.2,0.0,1.6,0
2025-05-04,Joda_Pit_3,700,656,2.1,0.6,0.3,15
2025-05-04,Garividi_Pit_1,600,491,1.7,2.2,0.2,30
2025-05-04,Vizianagaram_Pit_2,550,436,2.4,0.6,4.6,0
2025-05-04,Sandur_Pit_1,750,628,2.1,0.5,5.0,0
2025-05-04,Ballari_Pit_2,650,571,10.9,0.3,0.9,15
2025-05-05,Bharveli_Pit_1,850,850,0.7,0.0,0.4,0
2025-05-05,Ukwa_Pit_2,600,525,4.1,1.3,0.1,15
2025-05-05,Tirodi_Pit_3,750,624,2.1,3.4,0.0,0
2025-05-05,Dongri_Buzurg_Pit_4,900,859,0.2,0.8,0.4,0
2025-05-05,Mansar_Pit_5,500,391,3.3,0.2,1.0,60
2025-05-05,Kandri_Pit_6,650,618,0.4,0.4,0.9,0
2025-05-05,Keonjhar_Pit_1,800,634,0.7,3.9,0.3,30
2025-05-05,Barbil_Pit_2,850,751,0.4,1.2,2.0,15
2025-05-05,Joda_Pit_3,700,531,0.8,0.3,5.0,45
2025-05-05,Garividi_Pit_1,600,572,1.2,0.6,0.3,0
2025-05-05,Vizianagaram_Pit_2,550,481,1.5,0.0,0.9,30
2025-05-05,Sandur_Pit_1,750,658,4.8,0.0,1.3,30
2025-05-05,Ballari_Pit_2,650,563,1.6,0.4,0.2,45
2025-05-06,Bharveli_Pit_1,850,741,1.8,1.2,2.6,15
2025-05-06,Ukwa_Pit_2,600,532,1.0,0.8,2.6,0
2025-05-06,Tirodi_Pit_3,750,700,4.9,0.1,1.7,0
2025-05-06,Dongri_Buzurg_Pit_4,900,829,1.0,1.3,0.1,15
2025-05-06,Mansar_Pit_5,500,329,0.4,2.5,1.7,45
2025-05-06,Kandri_Pit_6,650,507,1.3,0.9,4.0,45
2025-05-06,Keonjhar_Pit_1,800,775,1.0,0.5,0.5,0
2025-05-06,Barbil_Pit_2,850,805,3.9,0.1,1.8,0
2025-05-06,Joda_Pit_3,700,585,0.6,1.6,3.5,0
2025-05-06,Garividi_Pit_1,600,457,1.2,0.7,3.3,30
2025-05-06,Vizianagaram_Pit_2,550,466,3.8,0.0,0.8,45
2025-05-06,Sandur_Pit_1,750,668,2.7,0.9,1.2,0
2025-05-06,Ballari_Pit_2,650,541,1.1,1.4,3.2,0
2025-05-07,Bharveli_Pit_1,850,783,1.2,0.6,1.9,0
2025-05-07,Ukwa_Pit_2,600,362,1.1,2.7,8.0,0
2025-05-07,Tirodi_Pit_3,750,539,0.5,3.3,5.1,0
2025-05-07,Dongri_Buzurg_Pit_4,900,805,0.0,1.0,0.5,45
2025-05-07,Mansar_Pit_5,500,424,0.7,1.3,1.8,0
2025-05-07,Kandri_Pit_6,650,547,0.7,1.8,2.6,0
2025-05-07,Keonjhar_Pit_1,800,720,1.9,1.0,2.8,0
2025-05-07,Barbil_Pit_2,850,815,1.5,0.7,0.9,0
2025-05-07,Joda_Pit_3,700,669,2.5,0.3,0.4,0
2025-05-07,Garividi_Pit_1,600,567,0.9,0.7,1.2,0
2025-05-07,Vizianagaram_Pit_2,550,459,0.3,2.3,0.9,0
2025-05-07,Sandur_Pit_1,750,685,1.6,0.9,2.0,0
2025-05-07,Ballari_Pit_2,650,520,0.6,1.8,4.7,0
2025-05-08,Bharveli_Pit_1,850,797,0.1,0.4,0.2,30
2025-05-08,Ukwa_Pit_2,600,548,1.5,0.2,0.0,30
2025-05-08,Tirodi_Pit_3,750,716,0.8,1.0,0.6,0
2025-05-08,Dongri_Buzurg_Pit_4,900,833,0.5,0.2,0.9,15
2025-05-08,Mansar_Pit_5,500,403,6.6,1.0,1.0,15
2025-05-08,Kandri_Pit_6,650,558,5.3,1.9,0.6,0
2025-05-08,Keonjhar_Pit_1,800,744,2.7,0.8,0.1,30
2025-05-08,Barbil_Pit_2,850,775,3.3,0.4,1.7,0
2025-05-08,Joda_Pit_3,700,609,4.3,0.8,0.6,30
2025-05-08,Garividi_Pit_1,600,502,0.5,0.5,3.2,30
2025-05-08,Vizianagaram_Pit_2,550,497,0.9,0.4,0.3,30
2025-05-08,Sandur_Pit_1,750,610,0.6,0.7,0.8,90
2025-05-08,Ballari_Pit_2,650,592,0.2,1.0,1.5,0
2025-05-09,Bharveli_Pit_1,850,815,1.1,0.1,1.2,15
2025-05-09,Ukwa_Pit_2,600,441,0.6,0.2,5.1,45
2025-05-09,Tirodi_Pit_3,750,719,0.5,0.4,0.4,0
2025-05-09,Dongri_Buzurg_Pit_4,900,795,0.4,1.8,2.5,0
2025-05-09,Mansar_Pit_5,500,500,1.0,0.2,0.5,0
2025-05-09,Kandri_Pit_6,650,507,5.9,0.1,5.8,0
2025-05-09,Keonjhar_Pit_1,800,704,3.0,0.5,0.2,45
2025-05-09,Barbil_Pit_2,850,778,1.7,0.7,1.1,30
2025-05-09,Joda_Pit_3,700,592,0.2,1.2,3.6,0
2025-05-09,Garividi_Pit_1,600,562,1.1,0.6,0.2,15
2025-05-09,Vizianagaram_Pit_2,550,483,0.3,0.7,2.3,0
2025-05-09,Sandur_Pit_1,750,625,2.3,2.0,0.9,30
2025-05-09,Ballari_Pit_2,650,644,0.1,0.1,0.4,0
2025-05-10,Bharveli_Pit_1,850,762,2.1,1.4,1.4,0
2025-05-10,Ukwa_Pit_2,600,471,1.7,0.5,0.1,90
2025-05-10,Tirodi_Pit_3,750,708,2.1,0.4,0.8,0
2025-05-10,Dongri_Buzurg_Pit_4,900,797,0.8,0.6,2.0,15
2025-05-10,Mansar_Pit_5,500,397,5.1,0.1,1.4,45
2025-05-10,Kandri_Pit_6,650,536,0.6,2.3,0.0,30
2025-05-10,Keonjhar_Pit_1,800,715,1.2,0.1,4.0,0
2025-05-10,Barbil_Pit_2,850,769,0.1,1.3,1.1,0
2025-05-10,Joda_Pit_3,700,547,1.4,1.9,3.2,15
2025-05-10,Garividi_Pit_1,600,537,0.0,1.3,0.9,15
2025-05-10,Vizianagaram_Pit_2,550,479,5.0,0.2,1.8,0
2025-05-10,Sandur_Pit_1,750,736,5.2,0.1,0.2,0
2025-05-10,Ballari_Pit_2,650,628,1.8,0.6,0.1,0
2025-05-11,Bharveli_Pit_1,850,746,3.3,1.3,2.1,15
2025-05-11,Ukwa_Pit_2,600,423,0.6,2.0,6.3,0
2025-05-11,Tirodi_Pit_3,750,708,0.0,0.2,0.6,15
2025-05-11,Dongri_Buzurg_Pit_4,900,798,3.0,1.5,1.5,15
2025-05-11,Mansar_Pit_5,500,317,2.0,1.1,1.3,90
2025-05-11,Kandri_Pit_6,650,616,4.1,0.3,0.1,0
2025-05-11,Keonjhar_Pit_1,800,705,1.4,1.9,0.9,15
2025-05-11,Barbil_Pit_2,850,758,1.9,1.9,0.3,15
2025-05-11,Joda_Pit_3,700,589,1.8,0.2,0.2,90
2025-05-11,Garividi_Pit_1,600,520,0.4,1.2,1.5,15
2025-05-11,Vizianagaram_Pit_2,550,478,0.2,2.5,0.8,0
2025-05-11,Sandur_Pit_1,750,585,4.0,2.9,0.6,45
2025-05-11,Ballari_Pit_2,650,511,3.0,2.9,0.5,15
2025-05-12,Bharveli_Pit_1,850,814,0.0,0.9,0.7,0
2025-05-12,Ukwa_Pit_2,600,442,2.1,2.1,1.5,45
2025-05-12,Tirodi_Pit_3,750,721,1.2,0.0,1.3,15
2025-05-12,Dongri_Buzurg_Pit_4,900,818,1.8,1.5,1.4,0
2025-05-12,Mansar_Pit_5,500,470,0.6,0.1,0.9,15
2025-05-12,Kandri_Pit_6,650,564,0.8,1.4,1.7,0
2025-05-12,Keonjhar_Pit_1,800,733,2.0,0.9,0.0,15
2025-05-12,Barbil_Pit_2,850,689,0.9,3.1,2.7,15
2025-05-12,Joda_Pit_3,700,652,0.8,0.7,0.6,15
2025-05-12,Garividi_Pit_1,600,388,0.4,4.2,0.2,60
2025-05-12,Vizianagaram_Pit_2,550,483,2.6,0.6,1.6,0
2025-05-12,Sandur_Pit_1,750,690,0.7,0.9,1.1,15
2025-05-12,Ballari_Pit_2,650,650,0.2,0.1,0.5,0
2025-05-13,Bharveli_Pit_1,850,766,0.2,1.8,0.1,15
2025-05-13,Ukwa_Pit_2,600,565,1.3,0.4,1.2,0
2025-05-13,Tirodi_Pit_3,750,560,1.7,0.1,9.3,0
2025-05-13,Dongri_Buzurg_Pit_4,900,788,0.9,2.0,1.0,30
2025-05-13,Mansar_Pit_5,500,399,0.2,2.1,2.1,0
2025-05-13,Kandri_Pit_6,650,602,7.5,0.3,1.0,0
2025-05-13,Keonjhar_Pit_1,800,659,1.0,0.9,4.9,15
2025-05-13,Barbil_Pit_2,850,727,0.1,0.4,1.4,60
2025-05-13,Joda_Pit_3,700,674,3.9,0.3,0.4,0
2025-05-13,Garividi_Pit_1,600,532,1.4,0.7,0.5,15
2025-05-13,Vizianagaram_Pit_2,550,438,0.1,0.2,3.5,30
2025-05-13,Sandur_Pit_1,750,644,0.9,1.5,2.5,30
2025-05-13,Ballari_Pit_2,650,606,2.6,0.3,0.7,0
2025-05-14,Bharveli_Pit_1,850,762,0.8,0.2,0.8,60
2025-05-14,Ukwa_Pit_2,600,531,0.5,1.0,0.9,0
2025-05-14,Tirodi_Pit_3,750,663,1.4,2.3,0.5,0
2025-05-14,Dongri_Buzurg_Pit_4,900,790,5.5,0.5,1.4,30
2025-05-14,Mansar_Pit_5,500,454,0.3,0.4,0.3,30
2025-05-14,Kandri_Pit_6,650,523,0.5,1.4,4.6,15
2025-05-14,Keonjhar_Pit_1,800,618,0.8,0.7,1.5,90
2025-05-14,Barbil_Pit_2,850,688,5.6,2.2,3.5,0
2025-05-14,Joda_Pit_3,700,544,1.0,3.6,0.9,15
2025-05-14,Garividi_Pit_1,600,459,2.5,3.3,0.4,30
2025-05-14,Vizianagaram_Pit_2,550,478,3.0,0.9,1.7,0
2025-05-14,Sandur_Pit_1,750,695,1.3,1.1,0.8,0
2025-05-14,Ballari_Pit_2,650,603,2.6,0.6,0.7,0
2025-05-15,Bharveli_Pit_1,850,794,1.1,0.9,1.3,0
2025-05-15,Ukwa_Pit_2,600,511,0.4,0.1,4.3,15
2025-05-15,Tirodi_Pit_3,750,642,2.2,0.6,3.8,15
2025-05-15,Dongri_Buzurg_Pit_4,900,746,6.4,1.9,3.1,0
2025-05-15,Mansar_Pit_5,500,430,0.6,0.4,0.5,45
2025-05-15,Kandri_Pit_6,650,574,0.5,1.8,1.3,0
2025-05-15,Keonjhar_Pit_1,800,744,1.1,0.6,0.2,15
2025-05-15,Barbil_Pit_2,850,706,2.6,0.0,4.9,30
2025-05-15,Joda_Pit_3,700,562,4.7,0.0,4.3,30
2025-05-15,Garividi_Pit_1,600,514,5.8,0.6,1.5,0
2025-05-15,Vizianagaram_Pit_2,550,485,5.4,0.1,1.1,15
2025-05-15,Sandur_Pit_1,750,617,4.8,3.1,0.1,0
2025-05-15,Ballari_Pit_2,650,560,0.0,0.4,1.2,45
2025-05-16,Bharveli_Pit_1,850,722,1.5,0.3,3.7,45
2025-05-16,Ukwa_Pit_2,600,480,1.0,2.4,0.8,30
2025-05-16,Tirodi_Pit_3,750,670,5.3,0.7,2.1,0
2025-05-16,Dongri_Buzurg_Pit_4,900,847,0.0,0.1,1.1,15
2025-05-16,Mansar_Pit_5,500,386,2.4,1.3,1.1,45
2025-05-16,Kandri_Pit_6,650,614,1.3,0.7,0.4,0
2025-05-16,Keonjhar_Pit_1,800,746,0.6,0.4,2.4,0
2025-05-16,Barbil_Pit_2,850,794,0.6,0.2,2.4,0
2025-05-16,Joda_Pit_3,700,638,2.3,1.1,2.7,0
2025-05-16,Garividi_Pit_1,600,577,0.7,0.4,0.3,0
2025-05-16,Vizianagaram_Pit_2,550,509,2.2,0.5,2.0,0
2025-05-16,Sandur_Pit_1,750,712,0.7,0.9,0.0,0
2025-05-16,Ballari_Pit_2,650,548,2.6,0.1,3.0,30
2025-05-17,Bharveli_Pit_1,850,738,1.9,1.9,0.8,0
2025-05-17,Ukwa_Pit_2,600,418,1.5,0.9,4.8,45
2025-05-17,Tirodi_Pit_3,750,594,4.2,1.8,4.6,0
2025-05-17,Dongri_Buzurg_Pit_4,900,838,3.7,0.8,2.2,0
2025-05-17,Mansar_Pit_5,500,456,0.6,1.4,0.3,0
2025-05-17,Kandri_Pit_6,650,614,2.5,0.5,1.3,0
2025-05-17,Keonjhar_Pit_1,800,702,3.3,0.5,1.7,30
2025-05-17,Barbil_Pit_2,850,748,1.9,0.6,0.3,60
2025-05-17,Joda_Pit_3,700,621,2.8,0.3,0.7,30
2025-05-17,Garividi_Pit_1,600,529,1.2,1.4,0.8,0
2025-05-17,Vizianagaram_Pit_2,550,396,2.0,4.1,0.6,0
2025-05-17,Sandur_Pit_1,750,555,3.7,1.6,0.1,90
2025-05-17,Ballari_Pit_2,650,487,2.8,2.2,1.7,45
2025-05-18,Bharveli_Pit_1,850,798,4.2,0.2,0.1,30
2025-05-18,Ukwa_Pit_2,600,493,3.6,0.2,3.1,15
2025-05-18,Tirodi_Pit_3,750,712,1.1,0.2,0.5,15
2025-05-18,Dongri_Buzurg_Pit_4,900,780,1.5,1.8,2.5,15
2025-05-18,Mansar_Pit_5,500,418,0.1,2.3,0.1,0
2025-05-18,Kandri_Pit_6,650,581,2.4,0.6,3.3,0
2025-05-18,Keonjhar_Pit_1,800,639,1.5,2.3,3.9,0
2025-05-18,Barbil_Pit_2,850,614,1.2,0.9,4.8,90
2025-05-18,Joda_Pit_3,700,700,0.9,0.0,0.0,0
2025-05-18,Garividi_Pit_1,600,579,1.3,0.0,1.9,0
2025-05-18,Vizianagaram_Pit_2,550,499,0.4,0.6,0.4,15
2025-05-18,Sandur_Pit_1,750,704,0.4,0.8,0.3,15
2025-05-18,Ballari_Pit_2,650,612,1.3,0.1,1.5,0
2025-05-19,Bharveli_Pit_1,850,745,1.5,0.8,4.1,15
2025-05-19,Ukwa_Pit_2,600,463,6.0,1.7,0.5,30
2025-05-19,Tirodi_Pit_3,750,645,1.1,1.9,2.8,0
2025-05-19,Dongri_Buzurg_Pit_4,900,837,0.7,0.4,2.1,0
2025-05-19,Mansar_Pit_5,500,456,0.0,1.4,0.3,0
2025-05-19,Kandri_Pit_6,650,519,1.3,0.1,5.6,30
2025-05-19,Keonjhar_Pit_1,800,751,0.8,0.4,1.0,15
2025-05-19,Barbil_Pit_2,850,761,3.9,0.3,0.8,45
2025-05-19,Joda_Pit_3,700,644,2.2,0.5,1.8,0
2025-05-19,Garividi_Pit_1,600,331,3.4,3.4,4.2,45
2025-05-19,Vizianagaram_Pit_2,550,495,1.4,0.5,1.0,15
2025-05-19,Sandur_Pit_1,750,502,5.0,1.9,6.2,45
2025-05-19,Ballari_Pit_2,650,628,0.7,0.1,0.2,0
2025-05-20,Bharveli_Pit_1,850,793,4.6,1.1,0.0,0
2025-05-20,Ukwa_Pit_2,600,574,0.2,0.5,1.1,0
2025-05-20,Tirodi_Pit_3,750,705,2.1,0.7,1.1,0
2025-05-20,Dongri_Buzurg_Pit_4,900,802,6.2,0.3,1.2,30
2025-05-20,Mansar_Pit_5,500,453,0.9,0.7,0.1,15
2025-05-20,Kandri_Pit_6,650,597,0.7,0.2,1.3,15
2025-05-20,Keonjhar_Pit_1,800,737,2.0,0.2,1.0,30
2025-05-20,Barbil_Pit_2,850,795,1.5,0.6,0.6,15
2025-05-20,Joda_Pit_3,700,609,0.2,0.7,3.5,0
2025-05-20,Garividi_Pit_1,600,376,9.0,3.3,0.1,60
2025-05-20,Vizianagaram_Pit_2,550,466,1.1,0.6,1.6,30
2025-05-20,Sandur_Pit_1,750,717,0.1,1.0,0.3,0
2025-05-20,Ballari_Pit_2,650,650,0.8,0.1,0.3,0
2025-05-21,Bharveli_Pit_1,850,653,1.3,3.4,0.2,60
2025-05-21,Ukwa_Pit_2,600,496,2.1,1.9,0.2,15
2025-05-21,Tirodi_Pit_3,750,653,2.4,1.0,2.9,0
2025-05-21,Dongri_Buzurg_Pit_4,900,778,1.0,0.5,1.6,45
2025-05-21,Mansar_Pit_5,500,435,1.4,1.9,0.8,0
2025-05-21,Kandri_Pit_6,650,602,2.5,1.5,0.1,0
2025-05-21,Keonjhar_Pit_1,800,769,0.6,0.9,0.2,0
2025-05-21,Barbil_Pit_2,850,785,0.9,1.7,1.1,0
2025-05-21,Joda_Pit_3,700,683,2.7,0.6,0.5,0
2025-05-21,Garividi_Pit_1,600,543,0.6,0.6,0.0,30
2025-05-21,Vizianagaram_Pit_2,550,482,0.4,0.0,1.7,30
2025-05-21,Sandur_Pit_1,750,652,0.5,1.5,1.9,0
2025-05-21,Ballari_Pit_2,650,454,4.7,0.1,6.5,45
2025-05-22,Bharveli_Pit_1,850,816,2.6,0.2,0.9,0
2025-05-22,Ukwa_Pit_2,600,524,1.0,1.5,0.8,0
2025-05-22,Tirodi_Pit_3,750,708,0.1,0.5,0.3,15
2025-05-22,Dongri_Buzurg_Pit_4,900,856,0.2,1.2,0.5,0
2025-05-22,Mansar_Pit_5,500,459,1.3,0.8,0.6,0
2025-05-22,Kandri_Pit_6,650,560,0.9,1.2,2.4,15
2025-05-22,Keonjhar_Pit_1,800,778,0.7,0.2,0.5,0
2025-05-22,Barbil_Pit_2,850,722,1.5,0.9,4.6,0
2025-05-22,Joda_Pit_3,700,670,1.6,0.3,0.5,0
2025-05-22,Garividi_Pit_1,600,538,0.7,1.5,0.1,0
2025-05-22,Vizianagaram_Pit_2,550,482,1.2,1.3,0.8,0
2025-05-22,Sandur_Pit_1,750,650,1.0,1.0,4.7,0
2025-05-22,Ballari_Pit_2,650,597,1.4,0.0,0.6,30
2025-05-23,Bharveli_Pit_1,850,801,1.6,0.7,0.5,0
2025-05-23,Ukwa_Pit_2,600,508,6.8,0.6,0.8,30
2025-05-23,Tirodi_Pit_3,750,660,1.1,0.9,0.4,30
2025-05-23,Dongri_Buzurg_Pit_4,900,806,3.0,0.3,2.0,30
2025-05-23,Mansar_Pit_5,500,483,0.8,0.2,0.0,0
2025-05-23,Kandri_Pit_6,650,589,0.4,2.2,0.5,0
2025-05-23,Keonjhar_Pit_1,800,757,1.3,0.8,0.4,0
2025-05-23,Barbil_Pit_2,850,753,2.9,0.7,2.0,30
2025-05-23,Joda_Pit_3,700,532,0.3,3.7,2.8,0
2025-05-23,Garividi_Pit_1,600,499,0.3,1.5,1.0,30
2025-05-23,Vizianagaram_Pit_2,550,463,2.7,1.0,1.9,0
2025-05-23,Sandur_Pit_1,750,690,0.0,0.0,3.1,15
2025-05-23,Ballari_Pit_2,650,569,0.6,1.3,2.5,0
2025-05-24,Bharveli_Pit_1,850,789,1.4,1.6,0.4,0
2025-05-24,Ukwa_Pit_2,600,405,0.6,5.3,0.4,15
2025-05-24,Tirodi_Pit_3,750,565,2.0,1.6,6.8,0
2025-05-24,Dongri_Buzurg_Pit_4,900,869,2.9,0.5,0.3,0
2025-05-24,Mansar_Pit_5,500,259,1.5,5.9,0.8,15
2025-05-24,Kandri_Pit_6,650,509,0.9,0.5,1.9,60
2025-05-24,Keonjhar_Pit_1,800,767,0.2,0.3,1.1,0
2025-05-24,Barbil_Pit_2,850,795,0.6,0.8,0.0,0
2025-05-24,Joda_Pit_3,700,552,5.2,1.1,0.9,60
2025-05-24,Garividi_Pit_1,600,546,3.1,0.2,0.2,15
2025-05-24,Vizianagaram_Pit_2,550,359,2.7,1.1,6.9,15
2025-05-24,Sandur_Pit_1,750,643,0.2,1.9,0.5,30
2025-05-24,Ballari_Pit_2,650,607,1.8,0.7,0.7,0
2025-05-25,Bharveli_Pit_1,850,747,2.0,1.5,1.8,0
2025-05-25,Ukwa_Pit_2,600,509,1.3,0.8,2.4,15
2025-05-25,Tirodi_Pit_3,750,555,1.1,2.5,0.3,90
2025-05-25,Dongri_Buzurg_Pit_4,900,664,2.6,1.8,3.1,90
2025-05-25,Mansar_Pit_5,500,453,0.7,1.4,0.2,0
2025-05-25,Kandri_Pit_6,650,505,1.8,0.8,1.7,60
2025-05-25,Keonjhar_Pit_1,800,712,0.1,0.9,3.2,0
2025-05-25,Barbil_Pit_2,850,776,0.8,0.2,3.0,15
2025-05-25,Joda_Pit_3,700,601,5.4,1.8,1.9,0
2025-05-25,Garividi_Pit_1,600,552,4.8,0.2,0.5,15
2025-05-25,Vizianagaram_Pit_2,550,513,0.6,0.3,1.5,0
2025-05-25,Sandur_Pit_1,750,683,2.6,0.9,0.9,15
2025-05-25,Ballari_Pit_2,650,530,0.9,3.0,0.1,15
2025-05-26,Bharveli_Pit_1,850,798,0.4,0.4,2.0,0
2025-05-26,Ukwa_Pit_2,600,495,3.3,1.4,2.1,0
2025-05-26,Tirodi_Pit_3,750,725,3.6,0.0,0.0,0
2025-05-26,Dongri_Buzurg_Pit_4,900,792,0.3,0.9,4.0,0
2025-05-26,Mansar_Pit_5,500,380,0.2,1.0,1.0,60
2025-05-26,Kandri_Pit_6,650,633,0.3,0.3,0.0,0
2025-05-26,Keonjhar_Pit_1,800,743,1.9,1.0,1.2,0
2025-05-26,Barbil_Pit_2,850,477,1.2,8.4,2.9,45
2025-05-26,Joda_Pit_3,700,565,1.3,1.2,3.3,30
2025-05-26,Garividi_Pit_1,600,568,5.6,0.1,0.0,15
2025-05-26,Vizianagaram_Pit_2,550,526,0.8,0.3,1.1,0
2025-05-26,Sandur_Pit_1,750,696,1.4,1.2,0.8,0
2025-05-26,Ballari_Pit_2,650,566,2.7,1.6,1.8,0
2025-05-27,Bharveli_Pit_1,850,748,1.8,0.9,1.1,15
2025-05-27,Ukwa_Pit_2,600,551,2.5,0.1,2.2,0
2025-05-27,Tirodi_Pit_3,750,542,0.1,4.1,5.0,0
2025-05-27,Dongri_Buzurg_Pit_4,900,729,1.3,2.0,4.8,15
2025-05-27,Mansar_Pit_5,500,398,0.9,1.0,0.6,45
2025-05-27,Kandri_Pit_6,650,586,0.8,0.4,0.1,30
2025-05-27,Keonjhar_Pit_1,800,742,1.2,0.4,1.0,30
2025-05-27,Barbil_Pit_2,850,815,0.9,0.4,0.3,15
2025-05-27,Joda_Pit_3,700,597,1.3,2.2,0.1,15
2025-05-27,Garividi_Pit_1,600,455,4.3,1.4,4.2,0
2025-05-27,Vizianagaram_Pit_2,550,547,1.4,0.0,0.0,0
2025-05-27,Sandur_Pit_1,750,685,0.4,0.0,3.8,0
2025-05-27,Ballari_Pit_2,650,496,2.7,0.2,3.9,45
2025-05-28,Bharveli_Pit_1,850,576,0.0,4.6,3.4,45
2025-05-28,Ukwa_Pit_2,600,520,2.2,0.5,3.6,0
2025-05-28,Tirodi_Pit_3,750,698,5.1,0.2,0.4,15
2025-05-28,Dongri_Buzurg_Pit_4,900,848,2.9,1.1,0.4,0
2025-05-28,Mansar_Pit_5,500,428,4.7,0.6,1.2,0
2025-05-28,Kandri_Pit_6,650,587,1.2,1.6,1.2,0
2025-05-28,Keonjhar_Pit_1,800,688,0.3,1.2,1.8,30
2025-05-28,Barbil_Pit_2,850,664,1.4,2.5,4.4,30
2025-05-28,Joda_Pit_3,700,639,8.1,0.4,0.4,0
2025-05-28,Garividi_Pit_1,600,422,0.1,4.2,1.4,15
2025-05-28,Vizianagaram_Pit_2,550,460,0.1,1.0,2.0,0
2025-05-28,Sandur_Pit_1,750,712,2.8,0.3,0.4,0
2025-05-28,Ballari_Pit_2,650,563,3.5,0.5,1.4,30
2025-05-29,Bharveli_Pit_1,850,731,0.6,0.2,5.7,15
2025-05-29,Ukwa_Pit_2,600,554,0.6,0.8,0.6,0
2025-05-29,Tirodi_Pit_3,750,709,0.6,0.0,2.0,0
2025-05-29,Dongri_Buzurg_Pit_4,900,860,0.2,1.5,0.0,0
2025-05-29,Mansar_Pit_5,500,389,4.4,1.4,0.1,30
2025-05-29,Kandri_Pit_6,650,456,1.8,1.3,8.1,0
2025-05-29,Keonjhar_Pit_1,800,765,2.0,0.7,0.1,0
2025-05-29,Barbil_Pit_2,850,821,1.7,0.9,0.1,0
2025-05-29,Joda_Pit_3,700,595,5.2,0.6,1.6,30
2025-05-29,Garividi_Pit_1,600,491,3.9,0.5,3.5,0
2025-05-29,Vizianagaram_Pit_2,550,506,0.7,0.1,2.5,0
2025-05-29,Sandur_Pit_1,750,635,4.6,2.0,1.3,15
2025-05-29,Ballari_Pit_2,650,575,1.3,0.5,4.0,0
2025-05-30,Bharveli_Pit_1,850,810,1.4,0.7,1.2,0
2025-05-30,Ukwa_Pit_2,600,584,1.4,0.3,0.3,0
2025-05-30,Tirodi_Pit_3,750,650,2.0,1.4,1.8,0
2025-05-30,Dongri_Buzurg_Pit_4,900,853,1.0,0.5,1.6,0
2025-05-30,Mansar_Pit_5,500,427,2.0,0.4,0.0,45
2025-05-30,Kandri_Pit_6,650,490,0.5,2.9,2.0,30
2025-05-30,Keonjhar_Pit_1,800,784,1.5,0.2,0.6,0
2025-05-30,Barbil_Pit_2,850,793,0.3,0.3,2.5,0
2025-05-30,Joda_Pit_3,700,640,7.5,0.4,0.2,15
2025-05-30,Garividi_Pit_1,600,508,4.7,1.7,1.6,0
2025-05-30,Vizianagaram_Pit_2,550,398,2.3,1.4,5.4,0
2025-05-30,Sandur_Pit_1,750,655,0.0,0.9,2.0,30
2025-05-30,Ballari_Pit_2,650,582,1.4,0.4,3.2,0
2025-05-31,Bharveli_Pit_1,850,768,3.2,1.0,2.4,0
2025-05-31,Ukwa_Pit_2,600,559,1.6,0.3,1.0,0
2025-05-31,Tirodi_Pit_3,750,595,0.6,3.8,0.3,30
2025-05-31,Dongri_Buzurg_Pit_4,900,793,0.1,0.6,4.4,0
2025-05-31,Mansar_Pit_5,500,397,1.8,0.8,3.3,0
2025-05-31,Kandri_Pit_6,650,480,2.2,3.1,2.8,0
2025-05-31,Keonjhar_Pit_1,800,777,1.3,0.6,0.6,0
2025-05-31,Barbil_Pit_2,850,763,7.8,0.1,4.1,0
2025-05-31,Joda_Pit_3,700,633,2.0,2.0,0.7,0
2025-05-31,Garividi_Pit_1,600,529,5.2,1.9,0.2,0
2025-05-31,Vizianagaram_Pit_2,550,518,1.1,0.1,1.5,0
2025-05-31,Sandur_Pit_1,750,617,0.8,1.2,1.1,60
2025-05-31,Ballari_Pit_2,650,572,4.1,0.5,0.1,30
2025-06-01,Bharveli_Pit_1,850,555,59.7,0.3,3.8,0
2025-06-01,Ukwa_Pit_2,600,150,93.7,0.4,4.9,0
2025-06-01,Tirodi_Pit_3,750,625,16.2,0.3,2.0,0
2025-06-01,Dongri_Buzurg_Pit_4,900,730,20.1,0.3,5.0,0
2025-06-01,Mansar_Pit_5,500,373,13.4,0.3,1.1,45
2025-06-01,Kandri_Pit_6,650,475,31.1,1.0,0.1,15
2025-06-01,Keonjhar_Pit_1,800,692,7.2,0.6,0.7,45
2025-06-01,Barbil_Pit_2,850,770,3.4,0.9,0.2,30
2025-06-01,Joda_Pit_3,700,513,16.7,2.9,1.2,0
2025-06-01,Garividi_Pit_1,600,444,21.6,1.3,0.2,30
2025-06-01,Vizianagaram_Pit_2,550,367,38.6,0.5,0.2,15
2025-06-01,Sandur_Pit_1,750,331,53.0,2.4,5.1,45
2025-06-01,Ballari_Pit_2,650,453,23.0,1.0,0.7,45
2025-06-02,Bharveli_Pit_1,850,588,17.5,0.7,9.6,0
2025-06-02,Ukwa_Pit_2,600,321,42.1,1.6,2.5,30
2025-06-02,Tirodi_Pit_3,750,586,7.3,2.2,3.6,0
2025-06-02,Dongri_Buzurg_Pit_4,900,725,26.0,0.9,0.1,30
2025-06-02,Mansar_Pit_5,500,384,17.6,1.1,1.1,0
2025-06-02,Kandri_Pit_6,650,531,4.3,0.2,5.8,0
2025-06-02,Keonjhar_Pit_1,800,705,7.8,1.0,1.5,0
2025-06-02,Barbil_Pit_2,850,690,6.8,0.4,4.4,30
2025-06-02,Joda_Pit_3,700,551,29.9,0.1,0.9,15
2025-06-02,Garividi_Pit_1,600,434,23.0,0.4,2.4,30
2025-06-02,Vizianagaram_Pit_2,550,413,9.8,2.0,0.2,30
2025-06-02,Sandur_Pit_1,750,459,59.6,0.5,0.5,15
2025-06-02,Ballari_Pit_2,650,497,15.2,0.5,1.9,30
2025-06-03,Bharveli_Pit_1,850,648,12.5,1.2,1.0,90
2025-06-03,Ukwa_Pit_2,600,263,32.6,3.4,2.9,45
2025-06-03,Tirodi_Pit_3,750,675,7.3,0.5,0.0,15
2025-06-03,Dongri_Buzurg_Pit_4,900,653,17.6,0.8,5.8,45
2025-06-03,Mansar_Pit_5,500,377,13.8,0.5,2.6,15
2025-06-03,Kandri_Pit_6,650,461,21.2,2.1,2.6,0
2025-06-03,Keonjhar_Pit_1,800,727,8.7,0.1,1.1,0
2025-06-03,Barbil_Pit_2,850,754,7.2,1.3,2.3,0
2025-06-03,Joda_Pit_3,700,655,7.1,0.0,0.4,0
2025-06-03,Garividi_Pit_1,600,473,23.7,0.2,1.2,15
2025-06-03,Vizianagaram_Pit_2,550,332,39.8,0.6,1.0,15
2025-06-03,Sandur_Pit_1,750,603,31.2,0.4,0.2,15
2025-06-03,Ballari_Pit_2,650,503,26.0,0.7,1.5,15
2025-06-04,Bharveli_Pit_1,850,643,33.7,1.3,1.2,15
2025-06-04,Ukwa_Pit_2,600,463,13.3,1.6,1.4,0
2025-06-04,Tirodi_Pit_3,750,477,55.7,0.0,2.2,30
2025-06-04,Dongri_Buzurg_Pit_4,900,816,10.0,0.1,1.3,0
2025-06-04,Mansar_Pit_5,500,385,2.8,1.0,2.1,30
2025-06-04,Kandri_Pit_6,650,270,76.5,2.2,0.6,0
2025-06-04,Keonjhar_Pit_1,800,683,14.3,0.6,1.4,15
2025-06-04,Barbil_Pit_2,850,673,2.8,2.1,0.6,60
2025-06-04,Joda_Pit_3,700,572,3.1,3.5,0.2,0
2025-06-04,Garividi_Pit_1,600,308,47.5,0.6,4.2,15
2025-06-04,Vizianagaram_Pit_2,550,376,24.9,2.1,0.6,0
2025-06-04,Sandur_Pit_1,750,499,13.2,5.2,1.0,15
2025-06-04,Ballari_Pit_2,650,513,18.9,0.4,0.1,45
2025-06-05,Bharveli_Pit_1,850,655,37.5,1.1,0.8,0
2025-06-05,Ukwa_Pit_2,600,331,49.1,1.3,1.3,15
2025-06-05,Tirodi_Pit_3,750,644,5.4,0.3,1.7,45
2025-06-05,Dongri_Buzurg_Pit_4,900,751,12.9,0.3,1.7,45
2025-06-05,Mansar_Pit_5,500,372,19.2,1.5,0.2,0
2025-06-05,Kandri_Pit_6,650,450,12.3,0.8,4.2,45
2025-06-05,Keonjhar_Pit_1,800,666,11.1,0.4,1.5,45
2025-06-05,Barbil_Pit_2,850,429,81.9,1.2,2.9,15
2025-06-05,Joda_Pit_3,700,583,20.2,1.5,0.4,0
2025-06-05,Garividi_Pit_1,600,401,11.3,3.5,0.9,30
2025-06-05,Vizianagaram_Pit_2,550,290,21.2,2.5,1.0,60
2025-06-05,Sandur_Pit_1,750,621,6.0,0.1,3.6,30
2025-06-05,Ballari_Pit_2,650,463,12.0,3.0,0.9,15
2025-06-06,Bharveli_Pit_1,850,748,14.8,0.9,1.0,0
2025-06-06,Ukwa_Pit_2,600,499,22.2,0.2,0.0,0
2025-06-06,Tirodi_Pit_3,750,568,30.5,0.1,3.8,0
2025-06-06,Dongri_Buzurg_Pit_4,900,775,0.4,1.6,3.3,15
2025-06-06,Mansar_Pit_5,500,369,5.2,0.4,1.0,60
2025-06-06,Kandri_Pit_6,650,573,14.5,0.4,1.0,0
2025-06-06,Keonjhar_Pit_1,800,599,40.1,0.3,2.1,0
2025-06-06,Barbil_Pit_2,850,461,85.9,0.7,2.1,0
2025-06-06,Joda_Pit_3,700,546,5.1,0.6,0.3,90
2025-06-06,Garividi_Pit_1,600,459,24.6,0.8,1.7,0
2025-06-06,Vizianagaram_Pit_2,550,352,20.2,0.4,4.5,30
2025-06-06,Sandur_Pit_1,750,713,0.3,0.3,1.8,0
2025-06-06,Ballari_Pit_2,650,479,17.8,2.4,1.9,0
2025-06-07,Bharveli_Pit_1,850,751,4.9,1.1,0.7,45
2025-06-07,Ukwa_Pit_2,600,422,35.3,1.0,0.7,0
2025-06-07,Tirodi_Pit_3,750,663,6.4,0.2,0.3,30
2025-06-07,Dongri_Buzurg_Pit_4,900,817,6.5,0.8,1.0,15
2025-06-07,Mansar_Pit_5,500,374,13.9,1.0,1.3,15
2025-06-07,Kandri_Pit_6,650,545,4.2,1.1,0.3,30
2025-06-07,Keonjhar_Pit_1,800,750,1.2,0.6,2.0,0
2025-06-07,Barbil_Pit_2,850,614,39.7,1.1,1.4,0
2025-06-07,Joda_Pit_3,700,586,16.0,1.3,0.9,0
2025-06-07,Garividi_Pit_1,600,536,6.0,0.0,0.6,30
2025-06-07,Vizianagaram_Pit_2,550,138,79.9,0.8,4.0,30
2025-06-07,Sandur_Pit_1,750,627,32.0,0.1,0.4,0
2025-06-07,Ballari_Pit_2,650,426,38.6,0.5,2.7,0
2025-06-08,Bharveli_Pit_1,850,805,4.8,0.5,0.8,0
2025-06-08,Ukwa_Pit_2,600,419,10.8,2.0,0.1,60
2025-06-08,Tirodi_Pit_3,750,323,107.3,0.1,0.6,0
2025-06-08,Dongri_Buzurg_Pit_4,900,697,25.8,1.6,0.2,30
2025-06-08,Mansar_Pit_5,500,259,30.6,0.9,3.5,30
2025-06-08,Kandri_Pit_6,650,508,17.0,0.1,4.9,0
2025-06-08,Keonjhar_Pit_1,800,606,29.9,0.8,0.0,45
2025-06-08,Barbil_Pit_2,850,798,6.5,0.1,0.7,0
2025-06-08,Joda_Pit_3,700,439,17.7,3.7,1.4,45
2025-06-08,Garividi_Pit_1,600,315,48.2,0.7,3.2,0
2025-06-08,Vizianagaram_Pit_2,550,414,3.4,2.1,1.4,45
2025-06-08,Sandur_Pit_1,750,575,24.6,1.7,0.5,15
2025-06-08,Ballari_Pit_2,650,461,30.8,0.2,2.7,15
2025-06-09,Bharveli_Pit_1,850,736,2.9,0.8,0.1,60
2025-06-09,Ukwa_Pit_2,600,525,1.0,1.5,1.2,0
2025-06-09,Tirodi_Pit_3,750,590,22.0,0.4,3.9,0
2025-06-09,Dongri_Buzurg_Pit_4,900,746,14.9,0.9,0.2,60
2025-06-09,Mansar_Pit_5,500,384,12.2,1.0,1.2,15
2025-06-09,Kandri_Pit_6,650,588,1.4,0.4,2.7,0
2025-06-09,Keonjhar_Pit_1,800,691,23.7,0.2,0.1,0
2025-06-09,Barbil_Pit_2,850,779,3.4,0.4,1.2,15
2025-06-09,Joda_Pit_3,700,562,23.5,0.6,1.0,0
2025-06-09,Garividi_Pit_1,600,395,46.2,0.3,0.0,15
2025-06-09,Vizianagaram_Pit_2,550,359,49.0,0.1,0.2,0
2025-06-09,Sandur_Pit_1,750,602,23.5,0.4,2.0,15
2025-06-09,Ballari_Pit_2,650,374,45.0,0.6,1.4,45
2025-06-10,Bharveli_Pit_1,850,615,49.8,0.5,0.4,30
2025-06-10,Ukwa_Pit_2,600,373,58.7,0.2,0.0,0
2025-06-10,Tirodi_Pit_3,750,596,24.3,1.2,0.6,0
2025-06-10,Dongri_Buzurg_Pit_4,900,698,1.5,2.9,0.4,90
2025-06-10,Mansar_Pit_5,500,408,4.7,1.6,0.4,0
2025-06-10,Kandri_Pit_6,650,484,20.4,2.1,0.6,15
2025-06-10,Keonjhar_Pit_1,800,654,16.6,0.5,3.6,0
2025-06-10,Barbil_Pit_2,850,667,26.8,0.2,0.8,60
2025-06-10,Joda_Pit_3,700,594,7.1,1.2,2.2,0
2025-06-10,Garividi_Pit_1,600,460,15.3,0.9,1.9,15
2025-06-10,Vizianagaram_Pit_2,550,319,52.7,0.5,0.6,0
2025-06-10,Sandur_Pit_1,750,553,27.0,1.0,3.0,0
2025-06-10,Ballari_Pit_2,650,342,51.1,0.5,4.2,15
2025-06-11,Bharveli_Pit_1,850,762,19.0,0.2,1.4,0
2025-06-11,Ukwa_Pit_2,600,418,1.3,3.3,1.6,45
2025-06-11,Tirodi_Pit_3,750,536,18.0,1.2,5.2,0
2025-06-11,Dongri_Buzurg_Pit_4,900,503,52.0,2.8,1.8,60
2025-06-11,Mansar_Pit_5,500,318,30.3,0.0,3.8,0
2025-06-11,Kandri_Pit_6,650,541,15.4,0.9,0.3,0
2025-06-11,Keonjhar_Pit_1,800,524,40.1,3.2,1.5,0
2025-06-11,Barbil_Pit_2,850,508,64.5,1.6,1.4,15
2025-06-11,Joda_Pit_3,700,606,11.5,1.4,0.1,0
2025-06-11,Garividi_Pit_1,600,533,13.0,0.2,0.0,0
2025-06-11,Vizianagaram_Pit_2,550,138,111.0,0.5,1.5,60
2025-06-11,Sandur_Pit_1,750,644,4.6,1.4,2.3,0
2025-06-11,Ballari_Pit_2,650,639,0.8,0.1,0.1,0
2025-06-12,Bharveli_Pit_1,850,698,17.8,0.8,0.5,45
2025-06-12,Ukwa_Pit_2,600,527,8.9,0.8,0.8,0
2025-06-12,Tirodi_Pit_3,750,501,3.5,1.9,8.9,0
2025-06-12,Dongri_Buzurg_Pit_4,900,692,31.7,0.5,3.8,15
2025-06-12,Mansar_Pit_5,500,285,15.0,1.1,4.9,30
2025-06-12,Kandri_Pit_6,650,509,15.9,0.4,1.9,30
2025-06-12,Keonjhar_Pit_1,800,459,32.9,5.0,0.5,45
2025-06-12,Barbil_Pit_2,850,645,33.1,0.1,2.5,15
2025-06-12,Joda_Pit_3,700,601,8.6,1.2,1.6,0
2025-06-12,Garividi_Pit_1,600,357,21.1,2.3,4.2,15
2025-06-12,Vizianagaram_Pit_2,550,344,35.0,0.6,2.2,0
2025-06-12,Sandur_Pit_1,750,665,0.5,1.4,2.9,0
2025-06-12,Ballari_Pit_2,650,471,14.9,2.1,2.4,0
2025-06-13,Bharveli_Pit_1,850,712,20.7,0.2,0.6,45
2025-06-13,Ukwa_Pit_2,600,219,29.1,4.7,2.3,60
2025-06-13,Tirodi_Pit_3,750,699,0.5,1.2,1.0,0
2025-06-13,Dongri_Buzurg_Pit_4,900,638,49.6,2.1,0.0,15
2025-06-13,Mansar_Pit_5,500,253,44.6,0.4,4.6,0
2025-06-13,Kandri_Pit_6,650,494,27.2,1.2,0.5,0
2025-06-13,Keonjhar_Pit_1,800,728,10.0,0.8,0.1,0
2025-06-13,Barbil_Pit_2,850,692,16.6,0.1,3.0,30
2025-06-13,Joda_Pit_3,700,301,70.5,0.9,1.5,60
2025-06-13,Garividi_Pit_1,600,407,25.7,0.0,2.1,45
2025-06-13,Vizianagaram_Pit_2,550,246,27.8,5.1,0.2,15
2025-06-13,Sandur_Pit_1,750,651,8.3,1.1,1.5,0
2025-06-13,Ballari_Pit_2,650,588,3.4,0.3,2.9,0
2025-06-14,Bharveli_Pit_1,850,666,16.7,3.1,0.4,0
2025-06-14,Ukwa_Pit_2,600,244,58.0,2.7,2.4,0
2025-06-14,Tirodi_Pit_3,750,696,0.6,0.5,0.2,30
2025-06-14,Dongri_Buzurg_Pit_4,900,683,45.3,0.3,0.9,15
2025-06-14,Mansar_Pit_5,500,424,14.0,0.6,0.1,0
2025-06-14,Kandri_Pit_6,650,473,13.3,0.6,1.9,60
2025-06-14,Keonjhar_Pit_1,800,685,7.8,0.6,2.5,15
2025-06-14,Barbil_Pit_2,850,738,5.2,0.8,1.2,45
2025-06-14,Joda_Pit_3,700,570,15.5,0.4,0.4,45
2025-06-14,Garividi_Pit_1,600,523,5.2,1.6,1.0,0
2025-06-14,Vizianagaram_Pit_2,550,377,11.2,2.1,1.3,30
2025-06-14,Sandur_Pit_1,750,668,0.6,0.5,3.6,0
2025-06-14,Ballari_Pit_2,650,574,8.0,0.4,1.5,0
2025-06-15,Bharveli_Pit_1,850,654,28.0,0.3,4.3,0
2025-06-15,Ukwa_Pit_2,600,562,4.1,0.1,1.3,0
2025-06-15,Tirodi_Pit_3,750,610,8.3,1.0,2.7,30
2025-06-15,Dongri_Buzurg_Pit_4,900,767,7.6,0.3,5.4,0
2025-06-15,Mansar_Pit_5,500,149,73.6,0.5,0.9,30
2025-06-15,Kandri_Pit_6,650,505,22.1,0.4,1.3,30
2025-06-15,Keonjhar_Pit_1,800,672,27.3,0.3,0.9,0
2025-06-15,Barbil_Pit_2,850,775,19.9,0.1,0.0,0
2025-06-15,Joda_Pit_3,700,572,2.9,0.8,1.0,60
2025-06-15,Garividi_Pit_1,600,239,72.4,1.7,1.5,0
2025-06-15,Vizianagaram_Pit_2,550,425,23.1,1.0,0.4,0
2025-06-15,Sandur_Pit_1,750,447,72.6,0.4,0.9,0
2025-06-15,Ballari_Pit_2,650,373,54.4,1.4,0.3,15
2025-06-16,Bharveli_Pit_1,850,764,9.4,0.2,3.1,0
2025-06-16,Ukwa_Pit_2,600,399,12.1,2.3,0.7,60
2025-06-16,Tirodi_Pit_3,750,400,73.1,0.2,0.3,45
2025-06-16,Dongri_Buzurg_Pit_4,900,699,40.1,0.2,0.2,45
2025-06-16,Mansar_Pit_5,500,301,34.8,1.0,2.3,0
2025-06-16,Kandri_Pit_6,650,441,7.0,1.4,0.9,90
2025-06-16,Keonjhar_Pit_1,800,595,10.7,2.8,4.3,0
2025-06-16,Barbil_Pit_2,850,537,62.4,0.7,2.2,0
2025-06-16,Joda_Pit_3,700,601,6.5,0.2,0.9,30
2025-06-16,Garividi_Pit_1,600,499,8.3,0.7,0.1,30
2025-06-16,Vizianagaram_Pit_2,550,138,114.9,0.6,0.0,0
2025-06-16,Sandur_Pit_1,750,518,38.8,0.3,2.3,15
2025-06-16,Ballari_Pit_2,650,581,9.7,0.9,0.3,0
2025-06-17,Bharveli_Pit_1,850,611,45.7,1.0,0.3,15
2025-06-17,Ukwa_Pit_2,600,527,17.6,0.6,0.2,0
2025-06-17,Tirodi_Pit_3,750,435,64.9,0.5,2.3,15
2025-06-17,Dongri_Buzurg_Pit_4,900,678,30.4,0.3,4.6,15
2025-06-17,Mansar_Pit_5,500,441,2.6,1.2,0.0,0
2025-06-17,Kandri_Pit_6,650,482,5.4,1.1,6.2,0
2025-06-17,Keonjhar_Pit_1,800,530,17.1,2.9,3.5,30
2025-06-17,Barbil_Pit_2,850,768,8.8,0.9,0.4,0
2025-06-17,Joda_Pit_3,700,412,56.6,0.6,0.0,45
2025-06-17,Garividi_Pit_1,600,564,4.8,1.1,0.0,0
2025-06-17,Vizianagaram_Pit_2,550,255,58.9,2.2,0.4,0
2025-06-17,Sandur_Pit_1,750,604,24.7,0.5,1.8,0
2025-06-17,Ballari_Pit_2,650,566,6.0,2.1,0.1,0
2025-06-18,Bharveli_Pit_1,850,212,163.6,0.6,1.9,0
2025-06-18,Ukwa_Pit_2,600,469,9.4,1.9,1.5,0
2025-06-18,Tirodi_Pit_3,750,649,20.4,0.9,0.3,0
2025-06-18,Dongri_Buzurg_Pit_4,900,677,35.8,0.7,4.5,0
2025-06-18,Mansar_Pit_5,500,355,13.4,1.7,1.3,15
2025-06-18,Kandri_Pit_6,650,305,7.9,8.0,0.6,45
2025-06-18,Keonjhar_Pit_1,800,630,28.2,0.5,1.3,30
2025-06-18,Barbil_Pit_2,850,770,1.1,1.0,3.1,0
2025-06-18,Joda_Pit_3,700,515,33.7,1.1,0.8,0
2025-06-18,Garividi_Pit_1,600,478,28.9,0.0,0.4,0
2025-06-18,Vizianagaram_Pit_2,550,361,21.1,1.6,0.2,30
2025-06-18,Sandur_Pit_1,750,337,88.9,0.1,3.7,0
2025-06-18,Ballari_Pit_2,650,433,12.5,2.1,3.8,15
2025-06-19,Bharveli_Pit_1,850,621,44.7,0.1,2.7,0
2025-06-19,Ukwa_Pit_2,600,426,15.0,0.6,1.1,60
2025-06-19,Tirodi_Pit_3,750,619,5.0,1.4,2.7,15
2025-06-19,Dongri_Buzurg_Pit_4,900,704,23.3,0.9,3.2,30
2025-06-19,Mansar_Pit_5,500,246,51.0,0.6,2.6,0
2025-06-19,Kandri_Pit_6,650,589,0.1,0.8,0.2,30
2025-06-19,Keonjhar_Pit_1,800,752,2.3,0.4,2.4,0
2025-06-19,Barbil_Pit_2,850,599,26.0,2.7,1.8,30
2025-06-19,Joda_Pit_3,700,399,56.2,1.4,1.6,15
2025-06-19,Garividi_Pit_1,600,473,13.4,0.1,2.5,15
2025-06-19,Vizianagaram_Pit_2,550,404,10.2,0.4,3.3,30
2025-06-19,Sandur_Pit_1,750,639,18.1,0.2,0.4,15
2025-06-19,Ballari_Pit_2,650,261,74.9,1.8,0.8,30
2025-06-20,Bharveli_Pit_1,850,803,10.8,0.2,0.1,0
2025-06-20,Ukwa_Pit_2,600,414,5.8,3.9,0.0,30
2025-06-20,Tirodi_Pit_3,750,658,9.7,0.0,4.0,0
2025-06-20,Dongri_Buzurg_Pit_4,900,883,1.7,0.1,0.2,0
2025-06-20,Mansar_Pit_5,500,323,35.7,0.7,0.7,0
2025-06-20,Kandri_Pit_6,650,549,9.6,0.5,1.5,15
2025-06-20,Keonjhar_Pit_1,800,542,16.4,0.6,6.9,30
2025-06-20,Barbil_Pit_2,850,809,7.9,0.1,0.7,0
2025-06-20,Joda_Pit_3,700,605,0.4,1.9,0.7,15
2025-06-20,Garividi_Pit_1,600,150,75.0,7.4,0.7,0
2025-06-20,Vizianagaram_Pit_2,550,138,48.9,7.2,1.6,30
2025-06-20,Sandur_Pit_1,750,559,21.3,2.0,1.9,0
2025-06-20,Ballari_Pit_2,650,534,10.3,0.2,0.4,45
2025-06-21,Bharveli_Pit_1,850,778,19.1,0.3,0.3,0
2025-06-21,Ukwa_Pit_2,600,439,17.5,0.3,4.7,0
2025-06-21,Tirodi_Pit_3,750,648,10.0,1.2,0.5,15
2025-06-21,Dongri_Buzurg_Pit_4,900,650,37.0,2.9,0.5,0
2025-06-21,Mansar_Pit_5,500,274,57.9,0.1,0.2,0
2025-06-21,Kandri_Pit_6,650,587,2.8,0.5,0.3,15
2025-06-21,Keonjhar_Pit_1,800,595,48.5,0.1,1.9,0
2025-06-21,Barbil_Pit_2,850,797,5.8,0.6,0.1,15
2025-06-21,Joda_Pit_3,700,591,3.2,2.2,1.1,15
2025-06-21,Garividi_Pit_1,600,469,21.1,0.6,0.3,30
2025-06-21,Vizianagaram_Pit_2,550,432,9.2,0.7,1.0,30
2025-06-21,Sandur_Pit_1,750,593,24.4,1.1,2.0,0
2025-06-21,Ballari_Pit_2,650,438,9.2,4.6,2.7,0
2025-06-22,Bharveli_Pit_1,850,831,0.1,0.0,0.4,0
2025-06-22,Ukwa_Pit_2,600,430,33.4,0.3,0.8,15
2025-06-22,Tirodi_Pit_3,750,449,41.5,2.0,3.8,15
2025-06-22,Dongri_Buzurg_Pit_4,900,774,20.8,0.3,0.9,15
2025-06-22,Mansar_Pit_5,500,476,7.4,0.1,0.0,0
2025-06-22,Kandri_Pit_6,650,212,108.2,0.4,0.2,15
2025-06-22,Keonjhar_Pit_1,800,537,48.8,1.2,0.6,15
2025-06-22,Barbil_Pit_2,850,585,27.5,2.3,3.3,15
2025-06-22,Joda_Pit_3,700,552,14.0,1.1,2.7,0
2025-06-22,Garividi_Pit_1,600,551,6.4,0.7,0.2,0
2025-06-22,Vizianagaram_Pit_2,550,399,4.9,0.5,0.7,90
2025-06-22,Sandur_Pit_1,750,679,6.9,0.8,1.3,0
2025-06-22,Ballari_Pit_2,650,397,35.3,0.4,4.1,15
2025-06-23,Bharveli_Pit_1,850,594,42.6,0.4,0.7,60
2025-06-23,Ukwa_Pit_2,600,529,4.5,0.0,1.0,30
2025-06-23,Tirodi_Pit_3,750,613,19.0,0.1,1.4,30
2025-06-23,Dongri_Buzurg_Pit_4,900,863,2.4,0.2,0.0,15
2025-06-23,Mansar_Pit_5,500,125,100.5,0.1,3.7,30
2025-06-23,Kandri_Pit_6,650,420,9.4,4.0,0.5,45
2025-06-23,Keonjhar_Pit_1,800,692,20.7,0.1,1.2,0
2025-06-23,Barbil_Pit_2,850,583,39.3,1.6,3.9,0
2025-06-23,Joda_Pit_3,700,642,2.1,0.0,1.6,15
2025-06-23,Garividi_Pit_1,600,150,108.4,0.6,0.6,15
2025-06-23,Vizianagaram_Pit_2,550,354,25.2,2.1,1.1,0
2025-06-23,Sandur_Pit_1,750,705,4.6,0.0,2.0,0
2025-06-23,Ballari_Pit_2,650,531,20.5,0.6,1.8,0
2025-06-24,Bharveli_Pit_1,850,806,3.3,0.8,0.7,0
2025-06-24,Ukwa_Pit_2,600,426,1.7,4.1,1.8,0
2025-06-24,Tirodi_Pit_3,750,543,30.2,1.6,2.4,0
2025-06-24,Dongri_Buzurg_Pit_4,900,559,65.3,1.0,0.4,45
2025-06-24,Mansar_Pit_5,500,125,61.6,5.0,3.3,90
2025-06-24,Kandri_Pit_6,650,405,43.3,0.3,0.2,60
2025-06-24,Keonjhar_Pit_1,800,709,8.8,2.3,0.0,0
2025-06-24,Barbil_Pit_2,850,710,29.3,0.9,0.1,0
2025-06-24,Joda_Pit_3,700,602,12.3,0.2,2.5,0
2025-06-24,Garividi_Pit_1,600,532,2.4,0.2,0.4,45
2025-06-24,Vizianagaram_Pit_2,550,214,64.6,1.9,0.7,0
2025-06-24,Sandur_Pit_1,750,243,125.4,0.2,0.1,15
2025-06-24,Ballari_Pit_2,650,300,44.6,2.1,1.8,60
2025-06-25,Bharveli_Pit_1,850,445,85.9,2.1,0.6,0
2025-06-25,Ukwa_Pit_2,600,432,19.9,0.7,3.4,0
2025-06-25,Tirodi_Pit_3,750,704,2.5,0.4,0.8,15
2025-06-25,Dongri_Buzurg_Pit_4,900,761,4.3,2.2,0.9,45
2025-06-25,Mansar_Pit_5,500,466,3.8,0.0,1.2,0
2025-06-25,Kandri_Pit_6,650,566,12.4,1.0,0.5,0
2025-06-25,Keonjhar_Pit_1,800,484,69.8,0.4,1.7,0
2025-06-25,Barbil_Pit_2,850,687,6.9,1.6,1.2,45
2025-06-25,Joda_Pit_3,700,416,14.9,4.3,5.1,0
2025-06-25,Garividi_Pit_1,600,287,54.3,2.1,0.4,15
2025-06-25,Vizianagaram_Pit_2,550,241,48.3,4.0,0.9,0
2025-06-25,Sandur_Pit_1,750,593,34.6,0.9,1.0,0
2025-06-25,Ballari_Pit_2,650,407,35.4,0.9,3.4,15
2025-06-26,Bharveli_Pit_1,850,748,6.8,2.1,1.3,0
2025-06-26,Ukwa_Pit_2,600,350,46.5,0.7,2.1,0
2025-06-26,Tirodi_Pit_3,750,521,12.6,4.5,2.6,0
2025-06-26,Dongri_Buzurg_Pit_4,900,703,26.3,1.6,2.2,15
2025-06-26,Mansar_Pit_5,500,283,41.6,0.6,0.2,15
2025-06-26,Kandri_Pit_6,650,285,66.7,0.6,0.6,60
2025-06-26,Keonjhar_Pit_1,800,570,49.8,0.4,1.0,0
2025-06-26,Barbil_Pit_2,850,768,5.2,0.9,0.0,30
2025-06-26,Joda_Pit_3,700,583,21.7,1.1,0.1,0
2025-06-26,Garividi_Pit_1,600,436,24.7,0.9,1.5,15
2025-06-26,Vizianagaram_Pit_2,550,482,8.0,0.3,0.2,30
2025-06-26,Sandur_Pit_1,750,596,4.9,2.3,2.2,15
2025-06-26,Ballari_Pit_2,650,435,13.1,0.3,6.2,30
2025-06-27,Bharveli_Pit_1,850,690,35.6,0.4,0.9,0
2025-06-27,Ukwa_Pit_2,600,485,2.9,1.4,0.5,30
2025-06-27,Tirodi_Pit_3,750,540,38.9,1.6,0.7,0
2025-06-27,Dongri_Buzurg_Pit_4,900,626,22.6,4.0,0.6,45
2025-06-27,Mansar_Pit_5,500,368,23.8,0.4,0.5,0
2025-06-27,Kandri_Pit_6,650,558,3.0,0.5,2.3,15
2025-06-27,Keonjhar_Pit_1,800,651,27.7,0.2,1.0,15
2025-06-27,Barbil_Pit_2,850,849,0.7,0.0,0.2,0
2025-06-27,Joda_Pit_3,700,648,3.7,1.2,1.5,0
2025-06-27,Garividi_Pit_1,600,567,0.3,0.1,0.8,0
2025-06-27,Vizianagaram_Pit_2,550,449,19.8,0.3,0.7,15
2025-06-27,Sandur_Pit_1,750,482,49.3,1.5,1.3,0
2025-06-27,Ballari_Pit_2,650,444,1.0,4.9,1.7,15
2025-06-28,Bharveli_Pit_1,850,789,1.0,1.0,1.1,0
2025-06-28,Ukwa_Pit_2,600,470,20.0,0.6,0.1,30
2025-06-28,Tirodi_Pit_3,750,597,30.3,1.0,1.1,0
2025-06-28,Dongri_Buzurg_Pit_4,900,583,70.9,1.0,0.6,0
2025-06-28,Mansar_Pit_5,500,299,41.0,0.2,0.6,15
2025-06-28,Kandri_Pit_6,650,590,3.5,1.6,0.1,0
2025-06-28,Keonjhar_Pit_1,800,537,57.1,1.0,0.7,0
2025-06-28,Barbil_Pit_2,850,212,119.5,4.5,1.6,0
2025-06-28,Joda_Pit_3,700,591,16.9,1.3,0.2,0
2025-06-28,Garividi_Pit_1,600,433,38.4,0.7,0.7,0
2025-06-28,Vizianagaram_Pit_2,550,368,20.0,0.3,1.5,60
2025-06-28,Sandur_Pit_1,750,473,16.0,3.8,2.4,45
2025-06-28,Ballari_Pit_2,650,427,10.2,5.3,0.2,0
2025-06-29,Bharveli_Pit_1,850,611,37.4,0.8,2.6,15
2025-06-29,Ukwa_Pit_2,600,478,9.4,0.9,1.2,30
2025-06-29,Tirodi_Pit_3,750,564,36.0,0.1,2.4,0
2025-06-29,Dongri_Buzurg_Pit_4,900,851,1.0,0.5,1.5,0
2025-06-29,Mansar_Pit_5,500,385,10.0,0.5,2.2,15
2025-06-29,Kandri_Pit_6,650,405,27.8,0.5,1.1,90
2025-06-29,Keonjhar_Pit_1,800,689,8.6,1.6,2.3,0
2025-06-29,Barbil_Pit_2,850,826,2.1,0.0,0.9,0
2025-06-29,Joda_Pit_3,700,554,7.4,2.4,1.1,15
2025-06-29,Garividi_Pit_1,600,462,2.5,0.5,4.6,15
2025-06-29,Vizianagaram_Pit_2,550,231,60.3,0.4,1.1,60
2025-06-29,Sandur_Pit_1,750,656,4.7,1.4,1.5,15
2025-06-29,Ballari_Pit_2,650,526,28.8,0.3,0.9,0
